filename,label
Image_1.jpg,SLEEPY ORANGE
Image_2.jpg,ATALA
Image_3.jpg,MOURNING CLOAK
Image_4.jpg,MOURNING CLOAK
Image_5.jpg,MOURNING CLOAK
Image_6.jpg,SLEEPY ORANGE
Image_7.jpg,PAPER KITE
Image_8.jpg,MOURNING CLOAK
Image_9.jpg,MOURNING CLOAK
Image_10.jpg,PAPER KITE
Image_11.jpg,SLEEPY ORANGE
Image_12.jpg,PAPER KITE
Image_13.jpg,EASTERN PINE ELFIN
Image_14.jpg,MOURNING CLOAK
Image_15.jpg,SLEEPY ORANGE
Image_16.jpg,SLEEPY ORANGE
Image_17.jpg,SLEEPY ORANGE
Image_18.jpg,SLEEPY ORANGE
Image_19.jpg,SLEEPY ORANGE
Image_20.jpg,SLEEPY ORANGE
Image_21.jpg,SLEEPY ORANGE
Image_22.jpg,SLEEPY ORANGE
Image_23.jpg,SLEEPY ORANGE
Image_24.jpg,SLEEPY ORANGE
Image_25.jpg,SLEEPY ORANGE
Image_26.jpg,ATALA
Image_27.jpg,ATALA
Image_28.jpg,SLEEPY ORANGE
Image_29.jpg,SLEEPY ORANGE
Image_30.jpg,SCARCE SWALLOW
Image_31.jpg,SCARCE SWALLOW
Image_32.jpg,SLEEPY ORANGE
Image_33.jpg,MOURNING CLOAK
Image_34.jpg,MOURNING CLOAK
Image_35.jpg,SLEEPY ORANGE
Image_36.jpg,SLEEPY ORANGE
Image_37.jpg,MOURNING CLOAK
Image_38.jpg,SLEEPY ORANGE
Image_39.jpg,SLEEPY ORANGE
Image_40.jpg,ATALA
Image_41.jpg,MOURNING CLOAK
Image_42.jpg,MOURNING CLOAK
Image_43.jpg,SLEEPY ORANGE
Image_44.jpg,SLEEPY ORANGE
Image_45.jpg,SLEEPY ORANGE
Image_46.jpg,SLEEPY ORANGE
Image_47.jpg,SLEEPY ORANGE
Image_48.jpg,EASTERN PINE ELFIN
Image_49.jpg,MOURNING CLOAK
Image_50.jpg,SLEEPY ORANGE
Image_51.jpg,SLEEPY ORANGE
Image_52.jpg,SLEEPY ORANGE
Image_53.jpg,SLEEPY ORANGE
Image_54.jpg,SLEEPY ORANGE
Image_55.jpg,EASTERN PINE ELFIN
Image_56.jpg,AN 88
Image_57.jpg,SLEEPY ORANGE
Image_58.jpg,SLEEPY ORANGE
Image_59.jpg,SLEEPY ORANGE
Image_60.jpg,MOURNING CLOAK
Image_61.jpg,SLEEPY ORANGE
Image_62.jpg,MOURNING CLOAK
Image_63.jpg,EASTERN PINE ELFIN
Image_64.jpg,SLEEPY ORANGE
Image_65.jpg,SLEEPY ORANGE
Image_66.jpg,SLEEPY ORANGE
Image_67.jpg,EASTERN PINE ELFIN
Image_68.jpg,MOURNING CLOAK
Image_69.jpg,MOURNING CLOAK
Image_70.jpg,SLEEPY ORANGE
Image_71.jpg,MOURNING CLOAK
Image_72.jpg,SCARCE SWALLOW
Image_73.jpg,MOURNING CLOAK
Image_74.jpg,SLEEPY ORANGE
Image_75.jpg,SLEEPY ORANGE
Image_76.jpg,MOURNING CLOAK
Image_77.jpg,MOURNING CLOAK
Image_78.jpg,MOURNING CLOAK
Image_79.jpg,MOURNING CLOAK
Image_80.jpg,SLEEPY ORANGE
Image_81.jpg,SLEEPY ORANGE
Image_82.jpg,EASTERN PINE ELFIN
Image_83.jpg,SLEEPY ORANGE
Image_84.jpg,PAPER KITE
Image_85.jpg,SLEEPY ORANGE
Image_86.jpg,SLEEPY ORANGE
Image_87.jpg,MOURNING CLOAK
Image_88.jpg,SLEEPY ORANGE
Image_89.jpg,PAPER KITE
Image_90.jpg,SLEEPY ORANGE
Image_91.jpg,SLEEPY ORANGE
Image_92.jpg,SLEEPY ORANGE
Image_93.jpg,SLEEPY ORANGE
Image_94.jpg,SLEEPY ORANGE
Image_95.jpg,PAPER KITE
Image_96.jpg,ATALA
Image_97.jpg,SLEEPY ORANGE
Image_98.jpg,SLEEPY ORANGE
Image_99.jpg,SLEEPY ORANGE
Image_100.jpg,SLEEPY ORANGE
Image_101.jpg,MOURNING CLOAK
Image_102.jpg,SLEEPY ORANGE
Image_103.jpg,SLEEPY ORANGE
Image_104.jpg,EASTERN PINE ELFIN
Image_105.jpg,EASTERN PINE ELFIN
Image_106.jpg,SLEEPY ORANGE
Image_107.jpg,SLEEPY ORANGE
Image_108.jpg,SLEEPY ORANGE
Image_109.jpg,PAPER KITE
Image_110.jpg,EASTERN PINE ELFIN
Image_111.jpg,MOURNING CLOAK
Image_112.jpg,MOURNING CLOAK
Image_113.jpg,SLEEPY ORANGE
Image_114.jpg,MOURNING CLOAK
Image_115.jpg,SLEEPY ORANGE
Image_116.jpg,SLEEPY ORANGE
Image_117.jpg,SLEEPY ORANGE
Image_118.jpg,SLEEPY ORANGE
Image_119.jpg,MOURNING CLOAK
Image_120.jpg,SLEEPY ORANGE
Image_121.jpg,SLEEPY ORANGE
Image_122.jpg,MOURNING CLOAK
Image_123.jpg,SLEEPY ORANGE
Image_124.jpg,MOURNING CLOAK
Image_125.jpg,SLEEPY ORANGE
Image_126.jpg,ATALA
Image_127.jpg,PAPER KITE
Image_128.jpg,SLEEPY ORANGE
Image_129.jpg,SLEEPY ORANGE
Image_130.jpg,SLEEPY ORANGE
Image_131.jpg,PAPER KITE
Image_132.jpg,SLEEPY ORANGE
Image_133.jpg,MOURNING CLOAK
Image_134.jpg,SLEEPY ORANGE
Image_135.jpg,SLEEPY ORANGE
Image_136.jpg,SLEEPY ORANGE
Image_137.jpg,MOURNING CLOAK
Image_138.jpg,MOURNING CLOAK
Image_139.jpg,SLEEPY ORANGE
Image_140.jpg,MOURNING CLOAK
Image_141.jpg,PAPER KITE
Image_142.jpg,SCARCE SWALLOW
Image_143.jpg,SLEEPY ORANGE
Image_144.jpg,MOURNING CLOAK
Image_145.jpg,SCARCE SWALLOW
Image_146.jpg,SLEEPY ORANGE
Image_147.jpg,SLEEPY ORANGE
Image_148.jpg,EASTERN PINE ELFIN
Image_149.jpg,SLEEPY ORANGE
Image_150.jpg,SLEEPY ORANGE
Image_151.jpg,SCARCE SWALLOW
Image_152.jpg,MOURNING CLOAK
Image_153.jpg,SLEEPY ORANGE
Image_154.jpg,SLEEPY ORANGE
Image_155.jpg,MOURNING CLOAK
Image_156.jpg,MOURNING CLOAK
Image_157.jpg,SLEEPY ORANGE
Image_158.jpg,PAPER KITE
Image_159.jpg,SLEEPY ORANGE
Image_160.jpg,SLEEPY ORANGE
Image_161.jpg,SCARCE SWALLOW
Image_162.jpg,MOURNING CLOAK
Image_163.jpg,SLEEPY ORANGE
Image_164.jpg,MOURNING CLOAK
Image_165.jpg,SLEEPY ORANGE
Image_166.jpg,MOURNING CLOAK
Image_167.jpg,SLEEPY ORANGE
Image_168.jpg,SLEEPY ORANGE
Image_169.jpg,SLEEPY ORANGE
Image_170.jpg,SLEEPY ORANGE
Image_171.jpg,SLEEPY ORANGE
Image_172.jpg,MOURNING CLOAK
Image_173.jpg,SLEEPY ORANGE
Image_174.jpg,SLEEPY ORANGE
Image_175.jpg,SLEEPY ORANGE
Image_176.jpg,MOURNING CLOAK
Image_177.jpg,SLEEPY ORANGE
Image_178.jpg,MOURNING CLOAK
Image_179.jpg,MOURNING CLOAK
Image_180.jpg,SLEEPY ORANGE
Image_181.jpg,MOURNING CLOAK
Image_182.jpg,PAPER KITE
Image_183.jpg,SLEEPY ORANGE
Image_184.jpg,SLEEPY ORANGE
Image_185.jpg,SLEEPY ORANGE
Image_186.jpg,SLEEPY ORANGE
Image_187.jpg,SLEEPY ORANGE
Image_188.jpg,SLEEPY ORANGE
Image_189.jpg,ATALA
Image_190.jpg,MOURNING CLOAK
Image_191.jpg,SLEEPY ORANGE
Image_192.jpg,SLEEPY ORANGE
Image_193.jpg,PAPER KITE
Image_194.jpg,AN 88
Image_195.jpg,SCARCE SWALLOW
Image_196.jpg,SLEEPY ORANGE
Image_197.jpg,SLEEPY ORANGE
Image_198.jpg,SLEEPY ORANGE
Image_199.jpg,SLEEPY ORANGE
Image_200.jpg,EASTERN PINE ELFIN
Image_201.jpg,SLEEPY ORANGE
Image_202.jpg,SLEEPY ORANGE
Image_203.jpg,SLEEPY ORANGE
Image_204.jpg,SLEEPY ORANGE
Image_205.jpg,SLEEPY ORANGE
Image_206.jpg,MOURNING CLOAK
Image_207.jpg,SLEEPY ORANGE
Image_208.jpg,SLEEPY ORANGE
Image_209.jpg,SLEEPY ORANGE
Image_210.jpg,SLEEPY ORANGE
Image_211.jpg,SLEEPY ORANGE
Image_212.jpg,SLEEPY ORANGE
Image_213.jpg,SLEEPY ORANGE
Image_214.jpg,SLEEPY ORANGE
Image_215.jpg,SLEEPY ORANGE
Image_216.jpg,SLEEPY ORANGE
Image_217.jpg,SLEEPY ORANGE
Image_218.jpg,SLEEPY ORANGE
Image_219.jpg,SLEEPY ORANGE
Image_220.jpg,SLEEPY ORANGE
Image_221.jpg,SLEEPY ORANGE
Image_222.jpg,SLEEPY ORANGE
Image_223.jpg,ATALA
Image_224.jpg,SLEEPY ORANGE
Image_225.jpg,SLEEPY ORANGE
Image_226.jpg,EASTERN PINE ELFIN
Image_227.jpg,SLEEPY ORANGE
Image_228.jpg,SLEEPY ORANGE
Image_229.jpg,SLEEPY ORANGE
Image_230.jpg,MOURNING CLOAK
Image_231.jpg,ATALA
Image_232.jpg,SCARCE SWALLOW
Image_233.jpg,SLEEPY ORANGE
Image_234.jpg,SLEEPY ORANGE
Image_235.jpg,SCARCE SWALLOW
Image_236.jpg,PAPER KITE
Image_237.jpg,SLEEPY ORANGE
Image_238.jpg,SLEEPY ORANGE
Image_239.jpg,SLEEPY ORANGE
Image_240.jpg,SLEEPY ORANGE
Image_241.jpg,SLEEPY ORANGE
Image_242.jpg,ATALA
Image_243.jpg,MOURNING CLOAK
Image_244.jpg,SLEEPY ORANGE
Image_245.jpg,ATALA
Image_246.jpg,SLEEPY ORANGE
Image_247.jpg,SLEEPY ORANGE
Image_248.jpg,SLEEPY ORANGE
Image_249.jpg,PAPER KITE
Image_250.jpg,SCARCE SWALLOW
Image_251.jpg,PAPER KITE
Image_252.jpg,SLEEPY ORANGE
Image_253.jpg,SLEEPY ORANGE
Image_254.jpg,MOURNING CLOAK
Image_255.jpg,MOURNING CLOAK
Image_256.jpg,PAPER KITE
Image_257.jpg,SLEEPY ORANGE
Image_258.jpg,SLEEPY ORANGE
Image_259.jpg,MOURNING CLOAK
Image_260.jpg,EASTERN PINE ELFIN
Image_261.jpg,MOURNING CLOAK
Image_262.jpg,MOURNING CLOAK
Image_263.jpg,MOURNING CLOAK
Image_264.jpg,PAPER KITE
Image_265.jpg,SLEEPY ORANGE
Image_266.jpg,SLEEPY ORANGE
Image_267.jpg,SLEEPY ORANGE
Image_268.jpg,SLEEPY ORANGE
Image_269.jpg,SLEEPY ORANGE
Image_270.jpg,SLEEPY ORANGE
Image_271.jpg,SLEEPY ORANGE
Image_272.jpg,MOURNING CLOAK
Image_273.jpg,MOURNING CLOAK
Image_274.jpg,AN 88
Image_275.jpg,SLEEPY ORANGE
Image_276.jpg,SLEEPY ORANGE
Image_277.jpg,SLEEPY ORANGE
Image_278.jpg,SLEEPY ORANGE
Image_279.jpg,MOURNING CLOAK
Image_280.jpg,SLEEPY ORANGE
Image_281.jpg,SLEEPY ORANGE
Image_282.jpg,MOURNING CLOAK
Image_283.jpg,SLEEPY ORANGE
Image_284.jpg,SLEEPY ORANGE
Image_285.jpg,SLEEPY ORANGE
Image_286.jpg,SLEEPY ORANGE
Image_287.jpg,SLEEPY ORANGE
Image_288.jpg,SLEEPY ORANGE
Image_289.jpg,SLEEPY ORANGE
Image_290.jpg,MOURNING CLOAK
Image_291.jpg,PAPER KITE
Image_292.jpg,SLEEPY ORANGE
Image_293.jpg,SLEEPY ORANGE
Image_294.jpg,SLEEPY ORANGE
Image_295.jpg,SLEEPY ORANGE
Image_296.jpg,MOURNING CLOAK
Image_297.jpg,SLEEPY ORANGE
Image_298.jpg,SLEEPY ORANGE
Image_299.jpg,SLEEPY ORANGE
Image_300.jpg,SLEEPY ORANGE
Image_301.jpg,SLEEPY ORANGE
Image_302.jpg,SLEEPY ORANGE
Image_303.jpg,MOURNING CLOAK
Image_304.jpg,MOURNING CLOAK
Image_305.jpg,MOURNING CLOAK
Image_306.jpg,EASTERN PINE ELFIN
Image_307.jpg,SLEEPY ORANGE
Image_308.jpg,SLEEPY ORANGE
Image_309.jpg,SLEEPY ORANGE
Image_310.jpg,PAPER KITE
Image_311.jpg,MOURNING CLOAK
Image_312.jpg,SLEEPY ORANGE
Image_313.jpg,SLEEPY ORANGE
Image_314.jpg,SLEEPY ORANGE
Image_315.jpg,EASTERN PINE ELFIN
Image_316.jpg,EASTERN PINE ELFIN
Image_317.jpg,SLEEPY ORANGE
Image_318.jpg,SLEEPY ORANGE
Image_319.jpg,SLEEPY ORANGE
Image_320.jpg,SLEEPY ORANGE
Image_321.jpg,SLEEPY ORANGE
Image_322.jpg,SLEEPY ORANGE
Image_323.jpg,SLEEPY ORANGE
Image_324.jpg,SLEEPY ORANGE
Image_325.jpg,SLEEPY ORANGE
Image_326.jpg,SLEEPY ORANGE
Image_327.jpg,MOURNING CLOAK
Image_328.jpg,SLEEPY ORANGE
Image_329.jpg,SLEEPY ORANGE
Image_330.jpg,PAPER KITE
Image_331.jpg,SLEEPY ORANGE
Image_332.jpg,SLEEPY ORANGE
Image_333.jpg,SLEEPY ORANGE
Image_334.jpg,SLEEPY ORANGE
Image_335.jpg,SLEEPY ORANGE
Image_336.jpg,MOURNING CLOAK
Image_337.jpg,SLEEPY ORANGE
Image_338.jpg,MOURNING CLOAK
Image_339.jpg,SLEEPY ORANGE
Image_340.jpg,SLEEPY ORANGE
Image_341.jpg,SLEEPY ORANGE
Image_342.jpg,EASTERN PINE ELFIN
Image_343.jpg,SLEEPY ORANGE
Image_344.jpg,SLEEPY ORANGE
Image_345.jpg,SLEEPY ORANGE
Image_346.jpg,SLEEPY ORANGE
Image_347.jpg,SLEEPY ORANGE
Image_348.jpg,SLEEPY ORANGE
Image_349.jpg,SLEEPY ORANGE
Image_350.jpg,SLEEPY ORANGE
Image_351.jpg,ATALA
Image_352.jpg,MOURNING CLOAK
Image_353.jpg,SLEEPY ORANGE
Image_354.jpg,EASTERN PINE ELFIN
Image_355.jpg,SLEEPY ORANGE
Image_356.jpg,MOURNING CLOAK
Image_357.jpg,SLEEPY ORANGE
Image_358.jpg,SLEEPY ORANGE
Image_359.jpg,SLEEPY ORANGE
Image_360.jpg,SLEEPY ORANGE
Image_361.jpg,SLEEPY ORANGE
Image_362.jpg,SLEEPY ORANGE
Image_363.jpg,SLEEPY ORANGE
Image_364.jpg,MOURNING CLOAK
Image_365.jpg,AN 88
Image_366.jpg,ATALA
Image_367.jpg,SLEEPY ORANGE
Image_368.jpg,SLEEPY ORANGE
Image_369.jpg,EASTERN PINE ELFIN
Image_370.jpg,SLEEPY ORANGE
Image_371.jpg,MOURNING CLOAK
Image_372.jpg,SLEEPY ORANGE
Image_373.jpg,SLEEPY ORANGE
Image_374.jpg,SLEEPY ORANGE
Image_375.jpg,SLEEPY ORANGE
Image_376.jpg,SLEEPY ORANGE
Image_377.jpg,ATALA
Image_378.jpg,SCARCE SWALLOW
Image_379.jpg,SLEEPY ORANGE
Image_380.jpg,SLEEPY ORANGE
Image_381.jpg,EASTERN PINE ELFIN
Image_382.jpg,SCARCE SWALLOW
Image_383.jpg,SLEEPY ORANGE
Image_384.jpg,MOURNING CLOAK
Image_385.jpg,PAPER KITE
Image_386.jpg,SLEEPY ORANGE
Image_387.jpg,SLEEPY ORANGE
Image_388.jpg,SLEEPY ORANGE
Image_389.jpg,SLEEPY ORANGE
Image_390.jpg,PAPER KITE
Image_391.jpg,SLEEPY ORANGE
Image_392.jpg,SCARCE SWALLOW
Image_393.jpg,SLEEPY ORANGE
Image_394.jpg,SLEEPY ORANGE
Image_395.jpg,MOURNING CLOAK
Image_396.jpg,SLEEPY ORANGE
Image_397.jpg,SLEEPY ORANGE
Image_398.jpg,SLEEPY ORANGE
Image_399.jpg,EASTERN PINE ELFIN
Image_400.jpg,SLEEPY ORANGE
Image_401.jpg,MOURNING CLOAK
Image_402.jpg,MOURNING CLOAK
Image_403.jpg,SLEEPY ORANGE
Image_404.jpg,PAPER KITE
Image_405.jpg,SLEEPY ORANGE
Image_406.jpg,MOURNING CLOAK
Image_407.jpg,MOURNING CLOAK
Image_408.jpg,PAPER KITE
Image_409.jpg,SLEEPY ORANGE
Image_410.jpg,SLEEPY ORANGE
Image_411.jpg,SLEEPY ORANGE
Image_412.jpg,SLEEPY ORANGE
Image_413.jpg,SLEEPY ORANGE
Image_414.jpg,SCARCE SWALLOW
Image_415.jpg,PAPER KITE
Image_416.jpg,SLEEPY ORANGE
Image_417.jpg,ATALA
Image_418.jpg,SLEEPY ORANGE
Image_419.jpg,SLEEPY ORANGE
Image_420.jpg,SLEEPY ORANGE
Image_421.jpg,MOURNING CLOAK
Image_422.jpg,SLEEPY ORANGE
Image_423.jpg,SLEEPY ORANGE
Image_424.jpg,SLEEPY ORANGE
Image_425.jpg,SLEEPY ORANGE
Image_426.jpg,MOURNING CLOAK
Image_427.jpg,SLEEPY ORANGE
Image_428.jpg,MOURNING CLOAK
Image_429.jpg,SLEEPY ORANGE
Image_430.jpg,MOURNING CLOAK
Image_431.jpg,SLEEPY ORANGE
Image_432.jpg,AN 88
Image_433.jpg,SLEEPY ORANGE
Image_434.jpg,SLEEPY ORANGE
Image_435.jpg,SLEEPY ORANGE
Image_436.jpg,MOURNING CLOAK
Image_437.jpg,SLEEPY ORANGE
Image_438.jpg,MOURNING CLOAK
Image_439.jpg,SLEEPY ORANGE
Image_440.jpg,SLEEPY ORANGE
Image_441.jpg,MOURNING CLOAK
Image_442.jpg,PAPER KITE
Image_443.jpg,SLEEPY ORANGE
Image_444.jpg,SLEEPY ORANGE
Image_445.jpg,SLEEPY ORANGE
Image_446.jpg,SLEEPY ORANGE
Image_447.jpg,SLEEPY ORANGE
Image_448.jpg,SCARCE SWALLOW
Image_449.jpg,ATALA
Image_450.jpg,SLEEPY ORANGE
Image_451.jpg,MOURNING CLOAK
Image_452.jpg,SLEEPY ORANGE
Image_453.jpg,SLEEPY ORANGE
Image_454.jpg,SLEEPY ORANGE
Image_455.jpg,PAPER KITE
Image_456.jpg,SLEEPY ORANGE
Image_457.jpg,SLEEPY ORANGE
Image_458.jpg,EASTERN PINE ELFIN
Image_459.jpg,SLEEPY ORANGE
Image_460.jpg,SLEEPY ORANGE
Image_461.jpg,SLEEPY ORANGE
Image_462.jpg,ATALA
Image_463.jpg,SLEEPY ORANGE
Image_464.jpg,SLEEPY ORANGE
Image_465.jpg,SLEEPY ORANGE
Image_466.jpg,MOURNING CLOAK
Image_467.jpg,SLEEPY ORANGE
Image_468.jpg,MOURNING CLOAK
Image_469.jpg,SLEEPY ORANGE
Image_470.jpg,SLEEPY ORANGE
Image_471.jpg,SLEEPY ORANGE
Image_472.jpg,SLEEPY ORANGE
Image_473.jpg,SLEEPY ORANGE
Image_474.jpg,MOURNING CLOAK
Image_475.jpg,PAPER KITE
Image_476.jpg,SLEEPY ORANGE
Image_477.jpg,SLEEPY ORANGE
Image_478.jpg,SLEEPY ORANGE
Image_479.jpg,SLEEPY ORANGE
Image_480.jpg,EASTERN PINE ELFIN
Image_481.jpg,SLEEPY ORANGE
Image_482.jpg,SLEEPY ORANGE
Image_483.jpg,SLEEPY ORANGE
Image_484.jpg,SLEEPY ORANGE
Image_485.jpg,SLEEPY ORANGE
Image_486.jpg,SLEEPY ORANGE
Image_487.jpg,SLEEPY ORANGE
Image_488.jpg,SLEEPY ORANGE
Image_489.jpg,SLEEPY ORANGE
Image_490.jpg,SLEEPY ORANGE
Image_491.jpg,MOURNING CLOAK
Image_492.jpg,MOURNING CLOAK
Image_493.jpg,SLEEPY ORANGE
Image_494.jpg,SLEEPY ORANGE
Image_495.jpg,SLEEPY ORANGE
Image_496.jpg,AN 88
Image_497.jpg,SCARCE SWALLOW
Image_498.jpg,SLEEPY ORANGE
Image_499.jpg,PAPER KITE
Image_500.jpg,EASTERN PINE ELFIN
Image_501.jpg,SLEEPY ORANGE
Image_502.jpg,SLEEPY ORANGE
Image_503.jpg,SLEEPY ORANGE
Image_504.jpg,SLEEPY ORANGE
Image_505.jpg,SLEEPY ORANGE
Image_506.jpg,MOURNING CLOAK
Image_507.jpg,SLEEPY ORANGE
Image_508.jpg,MOURNING CLOAK
Image_509.jpg,MOURNING CLOAK
Image_510.jpg,SCARCE SWALLOW
Image_511.jpg,SCARCE SWALLOW
Image_512.jpg,MOURNING CLOAK
Image_513.jpg,MOURNING CLOAK
Image_514.jpg,SLEEPY ORANGE
Image_515.jpg,SLEEPY ORANGE
Image_516.jpg,SLEEPY ORANGE
Image_517.jpg,SLEEPY ORANGE
Image_518.jpg,EASTERN PINE ELFIN
Image_519.jpg,SLEEPY ORANGE
Image_520.jpg,SLEEPY ORANGE
Image_521.jpg,SLEEPY ORANGE
Image_522.jpg,SLEEPY ORANGE
Image_523.jpg,SLEEPY ORANGE
Image_524.jpg,MOURNING CLOAK
Image_525.jpg,SLEEPY ORANGE
Image_526.jpg,AN 88
Image_527.jpg,MOURNING CLOAK
Image_528.jpg,SLEEPY ORANGE
Image_529.jpg,SLEEPY ORANGE
Image_530.jpg,SLEEPY ORANGE
Image_531.jpg,AN 88
Image_532.jpg,SLEEPY ORANGE
Image_533.jpg,MOURNING CLOAK
Image_534.jpg,SCARCE SWALLOW
Image_535.jpg,SLEEPY ORANGE
Image_536.jpg,MOURNING CLOAK
Image_537.jpg,SLEEPY ORANGE
Image_538.jpg,SLEEPY ORANGE
Image_539.jpg,SCARCE SWALLOW
Image_540.jpg,SLEEPY ORANGE
Image_541.jpg,SLEEPY ORANGE
Image_542.jpg,SLEEPY ORANGE
Image_543.jpg,SLEEPY ORANGE
Image_544.jpg,SCARCE SWALLOW
Image_545.jpg,SLEEPY ORANGE
Image_546.jpg,MOURNING CLOAK
Image_547.jpg,SLEEPY ORANGE
Image_548.jpg,MOURNING CLOAK
Image_549.jpg,SLEEPY ORANGE
Image_550.jpg,SLEEPY ORANGE
Image_551.jpg,MOURNING CLOAK
Image_552.jpg,SLEEPY ORANGE
Image_553.jpg,SLEEPY ORANGE
Image_554.jpg,SCARCE SWALLOW
Image_555.jpg,ATALA
Image_556.jpg,SLEEPY ORANGE
Image_557.jpg,SLEEPY ORANGE
Image_558.jpg,SLEEPY ORANGE
Image_559.jpg,SLEEPY ORANGE
Image_560.jpg,MOURNING CLOAK
Image_561.jpg,SLEEPY ORANGE
Image_562.jpg,SLEEPY ORANGE
Image_563.jpg,SCARCE SWALLOW
Image_564.jpg,SLEEPY ORANGE
Image_565.jpg,MOURNING CLOAK
Image_566.jpg,SLEEPY ORANGE
Image_567.jpg,ATALA
Image_568.jpg,MOURNING CLOAK
Image_569.jpg,SCARCE SWALLOW
Image_570.jpg,SLEEPY ORANGE
Image_571.jpg,SLEEPY ORANGE
Image_572.jpg,SLEEPY ORANGE
Image_573.jpg,SLEEPY ORANGE
Image_574.jpg,SLEEPY ORANGE
Image_575.jpg,SLEEPY ORANGE
Image_576.jpg,EASTERN PINE ELFIN
Image_577.jpg,SLEEPY ORANGE
Image_578.jpg,SCARCE SWALLOW
Image_579.jpg,SLEEPY ORANGE
Image_580.jpg,SLEEPY ORANGE
Image_581.jpg,SLEEPY ORANGE
Image_582.jpg,SLEEPY ORANGE
Image_583.jpg,SLEEPY ORANGE
Image_584.jpg,SLEEPY ORANGE
Image_585.jpg,SLEEPY ORANGE
Image_586.jpg,PAPER KITE
Image_587.jpg,SLEEPY ORANGE
Image_588.jpg,SLEEPY ORANGE
Image_589.jpg,SLEEPY ORANGE
Image_590.jpg,SLEEPY ORANGE
Image_591.jpg,SLEEPY ORANGE
Image_592.jpg,SLEEPY ORANGE
Image_593.jpg,SLEEPY ORANGE
Image_594.jpg,MOURNING CLOAK
Image_595.jpg,SLEEPY ORANGE
Image_596.jpg,MOURNING CLOAK
Image_597.jpg,SLEEPY ORANGE
Image_598.jpg,MOURNING CLOAK
Image_599.jpg,PAPER KITE
Image_600.jpg,SLEEPY ORANGE
Image_601.jpg,SLEEPY ORANGE
Image_602.jpg,SLEEPY ORANGE
Image_603.jpg,EASTERN PINE ELFIN
Image_604.jpg,SLEEPY ORANGE
Image_605.jpg,MOURNING CLOAK
Image_606.jpg,SLEEPY ORANGE
Image_607.jpg,MOURNING CLOAK
Image_608.jpg,MOURNING CLOAK
Image_609.jpg,SLEEPY ORANGE
Image_610.jpg,SLEEPY ORANGE
Image_611.jpg,SLEEPY ORANGE
Image_612.jpg,SLEEPY ORANGE
Image_613.jpg,SLEEPY ORANGE
Image_614.jpg,SLEEPY ORANGE
Image_615.jpg,SLEEPY ORANGE
Image_616.jpg,MOURNING CLOAK
Image_617.jpg,ATALA
Image_618.jpg,SLEEPY ORANGE
Image_619.jpg,SLEEPY ORANGE
Image_620.jpg,PAPER KITE
Image_621.jpg,SLEEPY ORANGE
Image_622.jpg,EASTERN PINE ELFIN
Image_623.jpg,SLEEPY ORANGE
Image_624.jpg,SLEEPY ORANGE
Image_625.jpg,SLEEPY ORANGE
Image_626.jpg,SLEEPY ORANGE
Image_627.jpg,MOURNING CLOAK
Image_628.jpg,MOURNING CLOAK
Image_629.jpg,SLEEPY ORANGE
Image_630.jpg,SLEEPY ORANGE
Image_631.jpg,SLEEPY ORANGE
Image_632.jpg,SLEEPY ORANGE
Image_633.jpg,SLEEPY ORANGE
Image_634.jpg,SLEEPY ORANGE
Image_635.jpg,SLEEPY ORANGE
Image_636.jpg,SLEEPY ORANGE
Image_637.jpg,PAPER KITE
Image_638.jpg,SLEEPY ORANGE
Image_639.jpg,SLEEPY ORANGE
Image_640.jpg,MOURNING CLOAK
Image_641.jpg,SLEEPY ORANGE
Image_642.jpg,MOURNING CLOAK
Image_643.jpg,SLEEPY ORANGE
Image_644.jpg,SLEEPY ORANGE
Image_645.jpg,SLEEPY ORANGE
Image_646.jpg,SLEEPY ORANGE
Image_647.jpg,SLEEPY ORANGE
Image_648.jpg,AN 88
Image_649.jpg,MOURNING CLOAK
Image_650.jpg,SLEEPY ORANGE
Image_651.jpg,EASTERN PINE ELFIN
Image_652.jpg,SLEEPY ORANGE
Image_653.jpg,SLEEPY ORANGE
Image_654.jpg,EASTERN PINE ELFIN
Image_655.jpg,SLEEPY ORANGE
Image_656.jpg,EASTERN PINE ELFIN
Image_657.jpg,SLEEPY ORANGE
Image_658.jpg,SCARCE SWALLOW
Image_659.jpg,PAPER KITE
Image_660.jpg,SLEEPY ORANGE
Image_661.jpg,SLEEPY ORANGE
Image_662.jpg,SLEEPY ORANGE
Image_663.jpg,SLEEPY ORANGE
Image_664.jpg,SLEEPY ORANGE
Image_665.jpg,SLEEPY ORANGE
Image_666.jpg,SCARCE SWALLOW
Image_667.jpg,SLEEPY ORANGE
Image_668.jpg,SLEEPY ORANGE
Image_669.jpg,SLEEPY ORANGE
Image_670.jpg,SCARCE SWALLOW
Image_671.jpg,MOURNING CLOAK
Image_672.jpg,SLEEPY ORANGE
Image_673.jpg,SLEEPY ORANGE
Image_674.jpg,MOURNING CLOAK
Image_675.jpg,SLEEPY ORANGE
Image_676.jpg,SLEEPY ORANGE
Image_677.jpg,SLEEPY ORANGE
Image_678.jpg,SLEEPY ORANGE
Image_679.jpg,SLEEPY ORANGE
Image_680.jpg,EASTERN PINE ELFIN
Image_681.jpg,SLEEPY ORANGE
Image_682.jpg,SLEEPY ORANGE
Image_683.jpg,SLEEPY ORANGE
Image_684.jpg,SLEEPY ORANGE
Image_685.jpg,EASTERN PINE ELFIN
Image_686.jpg,SLEEPY ORANGE
Image_687.jpg,SLEEPY ORANGE
Image_688.jpg,MOURNING CLOAK
Image_689.jpg,SLEEPY ORANGE
Image_690.jpg,SLEEPY ORANGE
Image_691.jpg,SLEEPY ORANGE
Image_692.jpg,ATALA
Image_693.jpg,SLEEPY ORANGE
Image_694.jpg,SLEEPY ORANGE
Image_695.jpg,SLEEPY ORANGE
Image_696.jpg,SLEEPY ORANGE
Image_697.jpg,SLEEPY ORANGE
Image_698.jpg,MOURNING CLOAK
Image_699.jpg,SLEEPY ORANGE
Image_700.jpg,SLEEPY ORANGE
Image_701.jpg,SLEEPY ORANGE
Image_702.jpg,MOURNING CLOAK
Image_703.jpg,SLEEPY ORANGE
Image_704.jpg,MOURNING CLOAK
Image_705.jpg,MOURNING CLOAK
Image_706.jpg,SCARCE SWALLOW
Image_707.jpg,SCARCE SWALLOW
Image_708.jpg,MOURNING CLOAK
Image_709.jpg,SLEEPY ORANGE
Image_710.jpg,SLEEPY ORANGE
Image_711.jpg,SLEEPY ORANGE
Image_712.jpg,SLEEPY ORANGE
Image_713.jpg,MOURNING CLOAK
Image_714.jpg,MOURNING CLOAK
Image_715.jpg,SCARCE SWALLOW
Image_716.jpg,PAPER KITE
Image_717.jpg,MOURNING CLOAK
Image_718.jpg,SLEEPY ORANGE
Image_719.jpg,SLEEPY ORANGE
Image_720.jpg,MOURNING CLOAK
Image_721.jpg,SLEEPY ORANGE
Image_722.jpg,MOURNING CLOAK
Image_723.jpg,SLEEPY ORANGE
Image_724.jpg,SLEEPY ORANGE
Image_725.jpg,SLEEPY ORANGE
Image_726.jpg,SLEEPY ORANGE
Image_727.jpg,SLEEPY ORANGE
Image_728.jpg,SLEEPY ORANGE
Image_729.jpg,SLEEPY ORANGE
Image_730.jpg,CAIRNS BIRDWING
Image_731.jpg,SLEEPY ORANGE
Image_732.jpg,SLEEPY ORANGE
Image_733.jpg,MOURNING CLOAK
Image_734.jpg,SLEEPY ORANGE
Image_735.jpg,MOURNING CLOAK
Image_736.jpg,SLEEPY ORANGE
Image_737.jpg,SLEEPY ORANGE
Image_738.jpg,MOURNING CLOAK
Image_739.jpg,MOURNING CLOAK
Image_740.jpg,SLEEPY ORANGE
Image_741.jpg,MOURNING CLOAK
Image_742.jpg,PAPER KITE
Image_743.jpg,MOURNING CLOAK
Image_744.jpg,PAPER KITE
Image_745.jpg,SLEEPY ORANGE
Image_746.jpg,SLEEPY ORANGE
Image_747.jpg,SLEEPY ORANGE
Image_748.jpg,SLEEPY ORANGE
Image_749.jpg,SLEEPY ORANGE
Image_750.jpg,SCARCE SWALLOW
Image_751.jpg,SCARCE SWALLOW
Image_752.jpg,SLEEPY ORANGE
Image_753.jpg,SCARCE SWALLOW
Image_754.jpg,SLEEPY ORANGE
Image_755.jpg,SLEEPY ORANGE
Image_756.jpg,SLEEPY ORANGE
Image_757.jpg,SLEEPY ORANGE
Image_758.jpg,SLEEPY ORANGE
Image_759.jpg,SLEEPY ORANGE
Image_760.jpg,SLEEPY ORANGE
Image_761.jpg,SLEEPY ORANGE
Image_762.jpg,SLEEPY ORANGE
Image_763.jpg,SLEEPY ORANGE
Image_764.jpg,SLEEPY ORANGE
Image_765.jpg,SLEEPY ORANGE
Image_766.jpg,SLEEPY ORANGE
Image_767.jpg,SLEEPY ORANGE
Image_768.jpg,SLEEPY ORANGE
Image_769.jpg,MOURNING CLOAK
Image_770.jpg,SLEEPY ORANGE
Image_771.jpg,EASTERN PINE ELFIN
Image_772.jpg,SLEEPY ORANGE
Image_773.jpg,SLEEPY ORANGE
Image_774.jpg,MOURNING CLOAK
Image_775.jpg,SLEEPY ORANGE
Image_776.jpg,MOURNING CLOAK
Image_777.jpg,SLEEPY ORANGE
Image_778.jpg,SLEEPY ORANGE
Image_779.jpg,SLEEPY ORANGE
Image_780.jpg,SLEEPY ORANGE
Image_781.jpg,SLEEPY ORANGE
Image_782.jpg,PAPER KITE
Image_783.jpg,SLEEPY ORANGE
Image_784.jpg,SLEEPY ORANGE
Image_785.jpg,SLEEPY ORANGE
Image_786.jpg,SLEEPY ORANGE
Image_787.jpg,SLEEPY ORANGE
Image_788.jpg,SLEEPY ORANGE
Image_789.jpg,SLEEPY ORANGE
Image_790.jpg,SLEEPY ORANGE
Image_791.jpg,AN 88
Image_792.jpg,SLEEPY ORANGE
Image_793.jpg,MOURNING CLOAK
Image_794.jpg,SLEEPY ORANGE
Image_795.jpg,SLEEPY ORANGE
Image_796.jpg,SLEEPY ORANGE
Image_797.jpg,SLEEPY ORANGE
Image_798.jpg,SLEEPY ORANGE
Image_799.jpg,SLEEPY ORANGE
Image_800.jpg,MOURNING CLOAK
Image_801.jpg,SLEEPY ORANGE
Image_802.jpg,MOURNING CLOAK
Image_803.jpg,MOURNING CLOAK
Image_804.jpg,MOURNING CLOAK
Image_805.jpg,SLEEPY ORANGE
Image_806.jpg,SLEEPY ORANGE
Image_807.jpg,SLEEPY ORANGE
Image_808.jpg,MOURNING CLOAK
Image_809.jpg,SLEEPY ORANGE
Image_810.jpg,SCARCE SWALLOW
Image_811.jpg,SLEEPY ORANGE
Image_812.jpg,SLEEPY ORANGE
Image_813.jpg,MOURNING CLOAK
Image_814.jpg,PAPER KITE
Image_815.jpg,SLEEPY ORANGE
Image_816.jpg,MOURNING CLOAK
Image_817.jpg,SLEEPY ORANGE
Image_818.jpg,SLEEPY ORANGE
Image_819.jpg,MOURNING CLOAK
Image_820.jpg,PAPER KITE
Image_821.jpg,SLEEPY ORANGE
Image_822.jpg,SLEEPY ORANGE
Image_823.jpg,MOURNING CLOAK
Image_824.jpg,AN 88
Image_825.jpg,EASTERN PINE ELFIN
Image_826.jpg,MOURNING CLOAK
Image_827.jpg,SLEEPY ORANGE
Image_828.jpg,MOURNING CLOAK
Image_829.jpg,SLEEPY ORANGE
Image_830.jpg,SLEEPY ORANGE
Image_831.jpg,SLEEPY ORANGE
Image_832.jpg,SLEEPY ORANGE
Image_833.jpg,MOURNING CLOAK
Image_834.jpg,SLEEPY ORANGE
Image_835.jpg,SLEEPY ORANGE
Image_836.jpg,SLEEPY ORANGE
Image_837.jpg,SLEEPY ORANGE
Image_838.jpg,MOURNING CLOAK
Image_839.jpg,SLEEPY ORANGE
Image_840.jpg,MOURNING CLOAK
Image_841.jpg,SLEEPY ORANGE
Image_842.jpg,EASTERN PINE ELFIN
Image_843.jpg,MOURNING CLOAK
Image_844.jpg,AN 88
Image_845.jpg,SLEEPY ORANGE
Image_846.jpg,SLEEPY ORANGE
Image_847.jpg,SLEEPY ORANGE
Image_848.jpg,SLEEPY ORANGE
Image_849.jpg,ATALA
Image_850.jpg,SLEEPY ORANGE
Image_851.jpg,SLEEPY ORANGE
Image_852.jpg,MOURNING CLOAK
Image_853.jpg,SLEEPY ORANGE
Image_854.jpg,SLEEPY ORANGE
Image_855.jpg,SLEEPY ORANGE
Image_856.jpg,SCARCE SWALLOW
Image_857.jpg,SLEEPY ORANGE
Image_858.jpg,SLEEPY ORANGE
Image_859.jpg,SLEEPY ORANGE
Image_860.jpg,EASTERN PINE ELFIN
Image_861.jpg,MOURNING CLOAK
Image_862.jpg,SLEEPY ORANGE
Image_863.jpg,SLEEPY ORANGE
Image_864.jpg,MOURNING CLOAK
Image_865.jpg,SLEEPY ORANGE
Image_866.jpg,SLEEPY ORANGE
Image_867.jpg,SLEEPY ORANGE
Image_868.jpg,ATALA
Image_869.jpg,SLEEPY ORANGE
Image_870.jpg,ATALA
Image_871.jpg,SLEEPY ORANGE
Image_872.jpg,SLEEPY ORANGE
Image_873.jpg,SLEEPY ORANGE
Image_874.jpg,SLEEPY ORANGE
Image_875.jpg,SLEEPY ORANGE
Image_876.jpg,SLEEPY ORANGE
Image_877.jpg,AN 88
Image_878.jpg,SLEEPY ORANGE
Image_879.jpg,MOURNING CLOAK
Image_880.jpg,SLEEPY ORANGE
Image_881.jpg,SLEEPY ORANGE
Image_882.jpg,SLEEPY ORANGE
Image_883.jpg,SLEEPY ORANGE
Image_884.jpg,MOURNING CLOAK
Image_885.jpg,SLEEPY ORANGE
Image_886.jpg,SLEEPY ORANGE
Image_887.jpg,MOURNING CLOAK
Image_888.jpg,SLEEPY ORANGE
Image_889.jpg,SLEEPY ORANGE
Image_890.jpg,MOURNING CLOAK
Image_891.jpg,SLEEPY ORANGE
Image_892.jpg,EASTERN PINE ELFIN
Image_893.jpg,SLEEPY ORANGE
Image_894.jpg,MOURNING CLOAK
Image_895.jpg,MOURNING CLOAK
Image_896.jpg,SLEEPY ORANGE
Image_897.jpg,SLEEPY ORANGE
Image_898.jpg,EASTERN PINE ELFIN
Image_899.jpg,PAPER KITE
Image_900.jpg,SLEEPY ORANGE
Image_901.jpg,SLEEPY ORANGE
Image_902.jpg,MOURNING CLOAK
Image_903.jpg,EASTERN PINE ELFIN
Image_904.jpg,PAPER KITE
Image_905.jpg,MOURNING CLOAK
Image_906.jpg,MOURNING CLOAK
Image_907.jpg,SLEEPY ORANGE
Image_908.jpg,MOURNING CLOAK
Image_909.jpg,MOURNING CLOAK
Image_910.jpg,SLEEPY ORANGE
Image_911.jpg,MOURNING CLOAK
Image_912.jpg,SLEEPY ORANGE
Image_913.jpg,MOURNING CLOAK
Image_914.jpg,SLEEPY ORANGE
Image_915.jpg,SLEEPY ORANGE
Image_916.jpg,SLEEPY ORANGE
Image_917.jpg,MOURNING CLOAK
Image_918.jpg,SLEEPY ORANGE
Image_919.jpg,SLEEPY ORANGE
Image_920.jpg,MOURNING CLOAK
Image_921.jpg,EASTERN PINE ELFIN
Image_922.jpg,EASTERN PINE ELFIN
Image_923.jpg,SLEEPY ORANGE
Image_924.jpg,SLEEPY ORANGE
Image_925.jpg,SLEEPY ORANGE
Image_926.jpg,SLEEPY ORANGE
Image_927.jpg,SLEEPY ORANGE
Image_928.jpg,SLEEPY ORANGE
Image_929.jpg,SCARCE SWALLOW
Image_930.jpg,PAPER KITE
Image_931.jpg,SLEEPY ORANGE
Image_932.jpg,SLEEPY ORANGE
Image_933.jpg,SLEEPY ORANGE
Image_934.jpg,SLEEPY ORANGE
Image_935.jpg,SLEEPY ORANGE
Image_936.jpg,SLEEPY ORANGE
Image_937.jpg,SLEEPY ORANGE
Image_938.jpg,SLEEPY ORANGE
Image_939.jpg,MOURNING CLOAK
Image_940.jpg,SLEEPY ORANGE
Image_941.jpg,SLEEPY ORANGE
Image_942.jpg,SLEEPY ORANGE
Image_943.jpg,SLEEPY ORANGE
Image_944.jpg,AN 88
Image_945.jpg,MOURNING CLOAK
Image_946.jpg,SLEEPY ORANGE
Image_947.jpg,SLEEPY ORANGE
Image_948.jpg,MOURNING CLOAK
Image_949.jpg,SLEEPY ORANGE
Image_950.jpg,SLEEPY ORANGE
Image_951.jpg,SLEEPY ORANGE
Image_952.jpg,SLEEPY ORANGE
Image_953.jpg,MOURNING CLOAK
Image_954.jpg,SLEEPY ORANGE
Image_955.jpg,EASTERN PINE ELFIN
Image_956.jpg,SLEEPY ORANGE
Image_957.jpg,SLEEPY ORANGE
Image_958.jpg,MOURNING CLOAK
Image_959.jpg,SLEEPY ORANGE
Image_960.jpg,AN 88
Image_961.jpg,PAPER KITE
Image_962.jpg,MOURNING CLOAK
Image_963.jpg,SLEEPY ORANGE
Image_964.jpg,SLEEPY ORANGE
Image_965.jpg,SLEEPY ORANGE
Image_966.jpg,MOURNING CLOAK
Image_967.jpg,EASTERN PINE ELFIN
Image_968.jpg,SLEEPY ORANGE
Image_969.jpg,SLEEPY ORANGE
Image_970.jpg,PAPER KITE
Image_971.jpg,AN 88
Image_972.jpg,SLEEPY ORANGE
Image_973.jpg,MOURNING CLOAK
Image_974.jpg,SLEEPY ORANGE
Image_975.jpg,SLEEPY ORANGE
Image_976.jpg,SLEEPY ORANGE
Image_977.jpg,MOURNING CLOAK
Image_978.jpg,SLEEPY ORANGE
Image_979.jpg,PAPER KITE
Image_980.jpg,MOURNING CLOAK
Image_981.jpg,SLEEPY ORANGE
Image_982.jpg,SLEEPY ORANGE
Image_983.jpg,SLEEPY ORANGE
Image_984.jpg,SLEEPY ORANGE
Image_985.jpg,MOURNING CLOAK
Image_986.jpg,SLEEPY ORANGE
Image_987.jpg,SLEEPY ORANGE
Image_988.jpg,SLEEPY ORANGE
Image_989.jpg,SLEEPY ORANGE
Image_990.jpg,MOURNING CLOAK
Image_991.jpg,SLEEPY ORANGE
Image_992.jpg,SLEEPY ORANGE
Image_993.jpg,AN 88
Image_994.jpg,SLEEPY ORANGE
Image_995.jpg,MOURNING CLOAK
Image_996.jpg,SLEEPY ORANGE
Image_997.jpg,SLEEPY ORANGE
Image_998.jpg,ATALA
Image_999.jpg,SLEEPY ORANGE
Image_1000.jpg,SLEEPY ORANGE
Image_1001.jpg,ATALA
Image_1002.jpg,MOURNING CLOAK
Image_1003.jpg,SLEEPY ORANGE
Image_1004.jpg,MOURNING CLOAK
Image_1005.jpg,SLEEPY ORANGE
Image_1006.jpg,SLEEPY ORANGE
Image_1007.jpg,SCARCE SWALLOW
Image_1008.jpg,SLEEPY ORANGE
Image_1009.jpg,EASTERN PINE ELFIN
Image_1010.jpg,SLEEPY ORANGE
Image_1011.jpg,SLEEPY ORANGE
Image_1012.jpg,MOURNING CLOAK
Image_1013.jpg,SLEEPY ORANGE
Image_1014.jpg,SLEEPY ORANGE
Image_1015.jpg,SLEEPY ORANGE
Image_1016.jpg,SLEEPY ORANGE
Image_1017.jpg,SLEEPY ORANGE
Image_1018.jpg,MOURNING CLOAK
Image_1019.jpg,SLEEPY ORANGE
Image_1020.jpg,EASTERN PINE ELFIN
Image_1021.jpg,MOURNING CLOAK
Image_1022.jpg,SLEEPY ORANGE
Image_1023.jpg,SLEEPY ORANGE
Image_1024.jpg,MOURNING CLOAK
Image_1025.jpg,PAPER KITE
Image_1026.jpg,SLEEPY ORANGE
Image_1027.jpg,MOURNING CLOAK
Image_1028.jpg,SLEEPY ORANGE
Image_1029.jpg,SLEEPY ORANGE
Image_1030.jpg,SLEEPY ORANGE
Image_1031.jpg,MOURNING CLOAK
Image_1032.jpg,SLEEPY ORANGE
Image_1033.jpg,SLEEPY ORANGE
Image_1034.jpg,PAPER KITE
Image_1035.jpg,SLEEPY ORANGE
Image_1036.jpg,SLEEPY ORANGE
Image_1037.jpg,SLEEPY ORANGE
Image_1038.jpg,SLEEPY ORANGE
Image_1039.jpg,EASTERN PINE ELFIN
Image_1040.jpg,SLEEPY ORANGE
Image_1041.jpg,SLEEPY ORANGE
Image_1042.jpg,SLEEPY ORANGE
Image_1043.jpg,MOURNING CLOAK
Image_1044.jpg,EASTERN PINE ELFIN
Image_1045.jpg,PAPER KITE
Image_1046.jpg,EASTERN PINE ELFIN
Image_1047.jpg,ATALA
Image_1048.jpg,SLEEPY ORANGE
Image_1049.jpg,SLEEPY ORANGE
Image_1050.jpg,SLEEPY ORANGE
Image_1051.jpg,SLEEPY ORANGE
Image_1052.jpg,SLEEPY ORANGE
Image_1053.jpg,SLEEPY ORANGE
Image_1054.jpg,MOURNING CLOAK
Image_1055.jpg,PAPER KITE
Image_1056.jpg,SLEEPY ORANGE
Image_1057.jpg,PAPER KITE
Image_1058.jpg,SLEEPY ORANGE
Image_1059.jpg,SLEEPY ORANGE
Image_1060.jpg,MOURNING CLOAK
Image_1061.jpg,SCARCE SWALLOW
Image_1062.jpg,SLEEPY ORANGE
Image_1063.jpg,SLEEPY ORANGE
Image_1064.jpg,MOURNING CLOAK
Image_1065.jpg,SLEEPY ORANGE
Image_1066.jpg,SLEEPY ORANGE
Image_1067.jpg,SLEEPY ORANGE
Image_1068.jpg,SLEEPY ORANGE
Image_1069.jpg,SLEEPY ORANGE
Image_1070.jpg,SLEEPY ORANGE
Image_1071.jpg,SLEEPY ORANGE
Image_1072.jpg,SLEEPY ORANGE
Image_1073.jpg,SLEEPY ORANGE
Image_1074.jpg,SLEEPY ORANGE
Image_1075.jpg,SLEEPY ORANGE
Image_1076.jpg,MOURNING CLOAK
Image_1077.jpg,SCARCE SWALLOW
Image_1078.jpg,EASTERN PINE ELFIN
Image_1079.jpg,SLEEPY ORANGE
Image_1080.jpg,SLEEPY ORANGE
Image_1081.jpg,PAPER KITE
Image_1082.jpg,SLEEPY ORANGE
Image_1083.jpg,MOURNING CLOAK
Image_1084.jpg,SLEEPY ORANGE
Image_1085.jpg,SLEEPY ORANGE
Image_1086.jpg,SLEEPY ORANGE
Image_1087.jpg,SLEEPY ORANGE
Image_1088.jpg,AN 88
Image_1089.jpg,MOURNING CLOAK
Image_1090.jpg,SLEEPY ORANGE
Image_1091.jpg,MOURNING CLOAK
Image_1092.jpg,SLEEPY ORANGE
Image_1093.jpg,SLEEPY ORANGE
Image_1094.jpg,SLEEPY ORANGE
Image_1095.jpg,EASTERN PINE ELFIN
Image_1096.jpg,SLEEPY ORANGE
Image_1097.jpg,PAPER KITE
Image_1098.jpg,SLEEPY ORANGE
Image_1099.jpg,SLEEPY ORANGE
Image_1100.jpg,MOURNING CLOAK
Image_1101.jpg,SLEEPY ORANGE
Image_1102.jpg,MOURNING CLOAK
Image_1103.jpg,SLEEPY ORANGE
Image_1104.jpg,SLEEPY ORANGE
Image_1105.jpg,MOURNING CLOAK
Image_1106.jpg,EASTERN PINE ELFIN
Image_1107.jpg,SCARCE SWALLOW
Image_1108.jpg,MOURNING CLOAK
Image_1109.jpg,SLEEPY ORANGE
Image_1110.jpg,MOURNING CLOAK
Image_1111.jpg,SCARCE SWALLOW
Image_1112.jpg,SLEEPY ORANGE
Image_1113.jpg,PAPER KITE
Image_1114.jpg,SLEEPY ORANGE
Image_1115.jpg,MOURNING CLOAK
Image_1116.jpg,SLEEPY ORANGE
Image_1117.jpg,SLEEPY ORANGE
Image_1118.jpg,MOURNING CLOAK
Image_1119.jpg,SLEEPY ORANGE
Image_1120.jpg,SLEEPY ORANGE
Image_1121.jpg,SLEEPY ORANGE
Image_1122.jpg,SLEEPY ORANGE
Image_1123.jpg,SLEEPY ORANGE
Image_1124.jpg,SLEEPY ORANGE
Image_1125.jpg,SLEEPY ORANGE
Image_1126.jpg,PAPER KITE
Image_1127.jpg,MOURNING CLOAK
Image_1128.jpg,PAPER KITE
Image_1129.jpg,SLEEPY ORANGE
Image_1130.jpg,AN 88
Image_1131.jpg,MOURNING CLOAK
Image_1132.jpg,SLEEPY ORANGE
Image_1133.jpg,SLEEPY ORANGE
Image_1134.jpg,SLEEPY ORANGE
Image_1135.jpg,SCARCE SWALLOW
Image_1136.jpg,MOURNING CLOAK
Image_1137.jpg,SLEEPY ORANGE
Image_1138.jpg,MOURNING CLOAK
Image_1139.jpg,SLEEPY ORANGE
Image_1140.jpg,SLEEPY ORANGE
Image_1141.jpg,MOURNING CLOAK
Image_1142.jpg,AN 88
Image_1143.jpg,SCARCE SWALLOW
Image_1144.jpg,PAPER KITE
Image_1145.jpg,SLEEPY ORANGE
Image_1146.jpg,EASTERN PINE ELFIN
Image_1147.jpg,MOURNING CLOAK
Image_1148.jpg,SCARCE SWALLOW
Image_1149.jpg,SLEEPY ORANGE
Image_1150.jpg,SLEEPY ORANGE
Image_1151.jpg,MOURNING CLOAK
Image_1152.jpg,MOURNING CLOAK
Image_1153.jpg,SLEEPY ORANGE
Image_1154.jpg,SLEEPY ORANGE
Image_1155.jpg,SLEEPY ORANGE
Image_1156.jpg,SLEEPY ORANGE
Image_1157.jpg,SLEEPY ORANGE
Image_1158.jpg,MOURNING CLOAK
Image_1159.jpg,MOURNING CLOAK
Image_1160.jpg,SLEEPY ORANGE
Image_1161.jpg,SLEEPY ORANGE
Image_1162.jpg,PAPER KITE
Image_1163.jpg,MOURNING CLOAK
Image_1164.jpg,SLEEPY ORANGE
Image_1165.jpg,SLEEPY ORANGE
Image_1166.jpg,SLEEPY ORANGE
Image_1167.jpg,PAPER KITE
Image_1168.jpg,SLEEPY ORANGE
Image_1169.jpg,SLEEPY ORANGE
Image_1170.jpg,MOURNING CLOAK
Image_1171.jpg,AN 88
Image_1172.jpg,AN 88
Image_1173.jpg,SLEEPY ORANGE
Image_1174.jpg,SLEEPY ORANGE
Image_1175.jpg,SLEEPY ORANGE
Image_1176.jpg,PAPER KITE
Image_1177.jpg,SLEEPY ORANGE
Image_1178.jpg,SLEEPY ORANGE
Image_1179.jpg,SLEEPY ORANGE
Image_1180.jpg,PAPER KITE
Image_1181.jpg,SLEEPY ORANGE
Image_1182.jpg,SLEEPY ORANGE
Image_1183.jpg,PAPER KITE
Image_1184.jpg,SLEEPY ORANGE
Image_1185.jpg,PAPER KITE
Image_1186.jpg,SCARCE SWALLOW
Image_1187.jpg,SLEEPY ORANGE
Image_1188.jpg,SCARCE SWALLOW
Image_1189.jpg,MOURNING CLOAK
Image_1190.jpg,MOURNING CLOAK
Image_1191.jpg,SLEEPY ORANGE
Image_1192.jpg,SLEEPY ORANGE
Image_1193.jpg,MOURNING CLOAK
Image_1194.jpg,SLEEPY ORANGE
Image_1195.jpg,SLEEPY ORANGE
Image_1196.jpg,SLEEPY ORANGE
Image_1197.jpg,MOURNING CLOAK
Image_1198.jpg,SLEEPY ORANGE
Image_1199.jpg,SLEEPY ORANGE
Image_1200.jpg,PAPER KITE
Image_1201.jpg,SLEEPY ORANGE
Image_1202.jpg,PAPER KITE
Image_1203.jpg,SLEEPY ORANGE
Image_1204.jpg,SLEEPY ORANGE
Image_1205.jpg,SLEEPY ORANGE
Image_1206.jpg,SLEEPY ORANGE
Image_1207.jpg,ATALA
Image_1208.jpg,SLEEPY ORANGE
Image_1209.jpg,MOURNING CLOAK
Image_1210.jpg,SLEEPY ORANGE
Image_1211.jpg,SLEEPY ORANGE
Image_1212.jpg,SLEEPY ORANGE
Image_1213.jpg,MOURNING CLOAK
Image_1214.jpg,PAPER KITE
Image_1215.jpg,MOURNING CLOAK
Image_1216.jpg,ATALA
Image_1217.jpg,SLEEPY ORANGE
Image_1218.jpg,SLEEPY ORANGE
Image_1219.jpg,SLEEPY ORANGE
Image_1220.jpg,SLEEPY ORANGE
Image_1221.jpg,SCARCE SWALLOW
Image_1222.jpg,SLEEPY ORANGE
Image_1223.jpg,SLEEPY ORANGE
Image_1224.jpg,SLEEPY ORANGE
Image_1225.jpg,MOURNING CLOAK
Image_1226.jpg,MOURNING CLOAK
Image_1227.jpg,PAPER KITE
Image_1228.jpg,SLEEPY ORANGE
Image_1229.jpg,MOURNING CLOAK
Image_1230.jpg,ATALA
Image_1231.jpg,MOURNING CLOAK
Image_1232.jpg,SLEEPY ORANGE
Image_1233.jpg,EASTERN PINE ELFIN
Image_1234.jpg,EASTERN PINE ELFIN
Image_1235.jpg,SLEEPY ORANGE
Image_1236.jpg,SLEEPY ORANGE
Image_1237.jpg,MOURNING CLOAK
Image_1238.jpg,MOURNING CLOAK
Image_1239.jpg,SLEEPY ORANGE
Image_1240.jpg,SLEEPY ORANGE
Image_1241.jpg,SLEEPY ORANGE
Image_1242.jpg,SLEEPY ORANGE
Image_1243.jpg,AN 88
Image_1244.jpg,SLEEPY ORANGE
Image_1245.jpg,SLEEPY ORANGE
Image_1246.jpg,SLEEPY ORANGE
Image_1247.jpg,SLEEPY ORANGE
Image_1248.jpg,SLEEPY ORANGE
Image_1249.jpg,MOURNING CLOAK
Image_1250.jpg,SLEEPY ORANGE
Image_1251.jpg,SLEEPY ORANGE
Image_1252.jpg,MOURNING CLOAK
Image_1253.jpg,SLEEPY ORANGE
Image_1254.jpg,SLEEPY ORANGE
Image_1255.jpg,MOURNING CLOAK
Image_1256.jpg,ATALA
Image_1257.jpg,SLEEPY ORANGE
Image_1258.jpg,AN 88
Image_1259.jpg,SLEEPY ORANGE
Image_1260.jpg,SLEEPY ORANGE
Image_1261.jpg,SLEEPY ORANGE
Image_1262.jpg,SLEEPY ORANGE
Image_1263.jpg,SLEEPY ORANGE
Image_1264.jpg,SLEEPY ORANGE
Image_1265.jpg,SLEEPY ORANGE
Image_1266.jpg,SCARCE SWALLOW
Image_1267.jpg,SLEEPY ORANGE
Image_1268.jpg,EASTERN PINE ELFIN
Image_1269.jpg,MOURNING CLOAK
Image_1270.jpg,SLEEPY ORANGE
Image_1271.jpg,SLEEPY ORANGE
Image_1272.jpg,SLEEPY ORANGE
Image_1273.jpg,SLEEPY ORANGE
Image_1274.jpg,SCARCE SWALLOW
Image_1275.jpg,MOURNING CLOAK
Image_1276.jpg,MOURNING CLOAK
Image_1277.jpg,SLEEPY ORANGE
Image_1278.jpg,SLEEPY ORANGE
Image_1279.jpg,MOURNING CLOAK
Image_1280.jpg,EASTERN PINE ELFIN
Image_1281.jpg,SLEEPY ORANGE
Image_1282.jpg,SLEEPY ORANGE
Image_1283.jpg,SLEEPY ORANGE
Image_1284.jpg,SLEEPY ORANGE
Image_1285.jpg,SLEEPY ORANGE
Image_1286.jpg,AN 88
Image_1287.jpg,SLEEPY ORANGE
Image_1288.jpg,EASTERN PINE ELFIN
Image_1289.jpg,AN 88
Image_1290.jpg,SLEEPY ORANGE
Image_1291.jpg,SLEEPY ORANGE
Image_1292.jpg,SLEEPY ORANGE
Image_1293.jpg,SLEEPY ORANGE
Image_1294.jpg,SLEEPY ORANGE
Image_1295.jpg,SLEEPY ORANGE
Image_1296.jpg,MOURNING CLOAK
Image_1297.jpg,SLEEPY ORANGE
Image_1298.jpg,SLEEPY ORANGE
Image_1299.jpg,SLEEPY ORANGE
Image_1300.jpg,SLEEPY ORANGE
Image_1301.jpg,MOURNING CLOAK
Image_1302.jpg,SLEEPY ORANGE
Image_1303.jpg,SLEEPY ORANGE
Image_1304.jpg,SLEEPY ORANGE
Image_1305.jpg,SCARCE SWALLOW
Image_1306.jpg,SLEEPY ORANGE
Image_1307.jpg,SLEEPY ORANGE
Image_1308.jpg,SLEEPY ORANGE
Image_1309.jpg,SCARCE SWALLOW
Image_1310.jpg,SLEEPY ORANGE
Image_1311.jpg,EASTERN PINE ELFIN
Image_1312.jpg,SLEEPY ORANGE
Image_1313.jpg,ATALA
Image_1314.jpg,SLEEPY ORANGE
Image_1315.jpg,SLEEPY ORANGE
Image_1316.jpg,MOURNING CLOAK
Image_1317.jpg,SLEEPY ORANGE
Image_1318.jpg,SLEEPY ORANGE
Image_1319.jpg,SLEEPY ORANGE
Image_1320.jpg,MOURNING CLOAK
Image_1321.jpg,SLEEPY ORANGE
Image_1322.jpg,SLEEPY ORANGE
Image_1323.jpg,MOURNING CLOAK
Image_1324.jpg,SLEEPY ORANGE
Image_1325.jpg,SLEEPY ORANGE
Image_1326.jpg,SLEEPY ORANGE
Image_1327.jpg,SLEEPY ORANGE
Image_1328.jpg,SCARCE SWALLOW
Image_1329.jpg,SLEEPY ORANGE
Image_1330.jpg,EASTERN PINE ELFIN
Image_1331.jpg,EASTERN PINE ELFIN
Image_1332.jpg,SLEEPY ORANGE
Image_1333.jpg,MOURNING CLOAK
Image_1334.jpg,SLEEPY ORANGE
Image_1335.jpg,MOURNING CLOAK
Image_1336.jpg,SLEEPY ORANGE
Image_1337.jpg,SLEEPY ORANGE
Image_1338.jpg,SLEEPY ORANGE
Image_1339.jpg,SLEEPY ORANGE
Image_1340.jpg,SLEEPY ORANGE
Image_1341.jpg,SLEEPY ORANGE
Image_1342.jpg,SLEEPY ORANGE
Image_1343.jpg,SLEEPY ORANGE
Image_1344.jpg,PAPER KITE
Image_1345.jpg,SLEEPY ORANGE
Image_1346.jpg,SLEEPY ORANGE
Image_1347.jpg,SLEEPY ORANGE
Image_1348.jpg,SLEEPY ORANGE
Image_1349.jpg,SLEEPY ORANGE
Image_1350.jpg,MOURNING CLOAK
Image_1351.jpg,SLEEPY ORANGE
Image_1352.jpg,EASTERN PINE ELFIN
Image_1353.jpg,SLEEPY ORANGE
Image_1354.jpg,SLEEPY ORANGE
Image_1355.jpg,SLEEPY ORANGE
Image_1356.jpg,SLEEPY ORANGE
Image_1357.jpg,SLEEPY ORANGE
Image_1358.jpg,AN 88
Image_1359.jpg,MOURNING CLOAK
Image_1360.jpg,SCARCE SWALLOW
Image_1361.jpg,AN 88
Image_1362.jpg,SLEEPY ORANGE
Image_1363.jpg,SLEEPY ORANGE
Image_1364.jpg,SLEEPY ORANGE
Image_1365.jpg,MOURNING CLOAK
Image_1366.jpg,MOURNING CLOAK
Image_1367.jpg,SLEEPY ORANGE
Image_1368.jpg,SLEEPY ORANGE
Image_1369.jpg,SLEEPY ORANGE
Image_1370.jpg,SLEEPY ORANGE
Image_1371.jpg,MOURNING CLOAK
Image_1372.jpg,PAPER KITE
Image_1373.jpg,SLEEPY ORANGE
Image_1374.jpg,MOURNING CLOAK
Image_1375.jpg,PAPER KITE
Image_1376.jpg,PAPER KITE
Image_1377.jpg,PAPER KITE
Image_1378.jpg,EASTERN PINE ELFIN
Image_1379.jpg,SLEEPY ORANGE
Image_1380.jpg,MOURNING CLOAK
Image_1381.jpg,SLEEPY ORANGE
Image_1382.jpg,MOURNING CLOAK
Image_1383.jpg,SLEEPY ORANGE
Image_1384.jpg,PAPER KITE
Image_1385.jpg,SLEEPY ORANGE
Image_1386.jpg,SLEEPY ORANGE
Image_1387.jpg,SLEEPY ORANGE
Image_1388.jpg,EASTERN PINE ELFIN
Image_1389.jpg,SLEEPY ORANGE
Image_1390.jpg,PAPER KITE
Image_1391.jpg,SLEEPY ORANGE
Image_1392.jpg,SLEEPY ORANGE
Image_1393.jpg,SLEEPY ORANGE
Image_1394.jpg,SCARCE SWALLOW
Image_1395.jpg,SLEEPY ORANGE
Image_1396.jpg,SLEEPY ORANGE
Image_1397.jpg,MOURNING CLOAK
Image_1398.jpg,SLEEPY ORANGE
Image_1399.jpg,SLEEPY ORANGE
Image_1400.jpg,PAPER KITE
Image_1401.jpg,SLEEPY ORANGE
Image_1402.jpg,SLEEPY ORANGE
Image_1403.jpg,SLEEPY ORANGE
Image_1404.jpg,SLEEPY ORANGE
Image_1405.jpg,MOURNING CLOAK
Image_1406.jpg,SLEEPY ORANGE
Image_1407.jpg,SLEEPY ORANGE
Image_1408.jpg,SLEEPY ORANGE
Image_1409.jpg,EASTERN PINE ELFIN
Image_1410.jpg,SLEEPY ORANGE
Image_1411.jpg,SLEEPY ORANGE
Image_1412.jpg,MOURNING CLOAK
Image_1413.jpg,MOURNING CLOAK
Image_1414.jpg,SLEEPY ORANGE
Image_1415.jpg,SLEEPY ORANGE
Image_1416.jpg,SLEEPY ORANGE
Image_1417.jpg,SLEEPY ORANGE
Image_1418.jpg,SLEEPY ORANGE
Image_1419.jpg,SLEEPY ORANGE
Image_1420.jpg,SLEEPY ORANGE
Image_1421.jpg,SLEEPY ORANGE
Image_1422.jpg,MOURNING CLOAK
Image_1423.jpg,SLEEPY ORANGE
Image_1424.jpg,SLEEPY ORANGE
Image_1425.jpg,SLEEPY ORANGE
Image_1426.jpg,ATALA
Image_1427.jpg,SLEEPY ORANGE
Image_1428.jpg,AN 88
Image_1429.jpg,MOURNING CLOAK
Image_1430.jpg,MOURNING CLOAK
Image_1431.jpg,SCARCE SWALLOW
Image_1432.jpg,SLEEPY ORANGE
Image_1433.jpg,MOURNING CLOAK
Image_1434.jpg,SLEEPY ORANGE
Image_1435.jpg,SLEEPY ORANGE
Image_1436.jpg,SLEEPY ORANGE
Image_1437.jpg,SLEEPY ORANGE
Image_1438.jpg,ATALA
Image_1439.jpg,MOURNING CLOAK
Image_1440.jpg,SLEEPY ORANGE
Image_1441.jpg,MOURNING CLOAK
Image_1442.jpg,SLEEPY ORANGE
Image_1443.jpg,ATALA
Image_1444.jpg,SLEEPY ORANGE
Image_1445.jpg,SLEEPY ORANGE
Image_1446.jpg,SLEEPY ORANGE
Image_1447.jpg,ZEBRA LONG WING
Image_1448.jpg,PAPER KITE
Image_1449.jpg,MOURNING CLOAK
Image_1450.jpg,SLEEPY ORANGE
Image_1451.jpg,MOURNING CLOAK
Image_1452.jpg,MOURNING CLOAK
Image_1453.jpg,SLEEPY ORANGE
Image_1454.jpg,MOURNING CLOAK
Image_1455.jpg,PAPER KITE
Image_1456.jpg,SLEEPY ORANGE
Image_1457.jpg,SLEEPY ORANGE
Image_1458.jpg,SLEEPY ORANGE
Image_1459.jpg,SLEEPY ORANGE
Image_1460.jpg,SLEEPY ORANGE
Image_1461.jpg,MOURNING CLOAK
Image_1462.jpg,SLEEPY ORANGE
Image_1463.jpg,SLEEPY ORANGE
Image_1464.jpg,SLEEPY ORANGE
Image_1465.jpg,SLEEPY ORANGE
Image_1466.jpg,SCARCE SWALLOW
Image_1467.jpg,MOURNING CLOAK
Image_1468.jpg,SLEEPY ORANGE
Image_1469.jpg,SLEEPY ORANGE
Image_1470.jpg,SLEEPY ORANGE
Image_1471.jpg,SLEEPY ORANGE
Image_1472.jpg,SLEEPY ORANGE
Image_1473.jpg,SLEEPY ORANGE
Image_1474.jpg,SLEEPY ORANGE
Image_1475.jpg,SLEEPY ORANGE
Image_1476.jpg,SLEEPY ORANGE
Image_1477.jpg,SLEEPY ORANGE
Image_1478.jpg,SLEEPY ORANGE
Image_1479.jpg,SLEEPY ORANGE
Image_1480.jpg,SLEEPY ORANGE
Image_1481.jpg,MOURNING CLOAK
Image_1482.jpg,MOURNING CLOAK
Image_1483.jpg,MOURNING CLOAK
Image_1484.jpg,SLEEPY ORANGE
Image_1485.jpg,SLEEPY ORANGE
Image_1486.jpg,PAPER KITE
Image_1487.jpg,SLEEPY ORANGE
Image_1488.jpg,SCARCE SWALLOW
Image_1489.jpg,EASTERN PINE ELFIN
Image_1490.jpg,SCARCE SWALLOW
Image_1491.jpg,SLEEPY ORANGE
Image_1492.jpg,SLEEPY ORANGE
Image_1493.jpg,ATALA
Image_1494.jpg,SLEEPY ORANGE
Image_1495.jpg,MOURNING CLOAK
Image_1496.jpg,MOURNING CLOAK
Image_1497.jpg,SCARCE SWALLOW
Image_1498.jpg,SLEEPY ORANGE
Image_1499.jpg,ATALA
Image_1500.jpg,SLEEPY ORANGE
Image_1501.jpg,MOURNING CLOAK
Image_1502.jpg,MOURNING CLOAK
Image_1503.jpg,MOURNING CLOAK
Image_1504.jpg,SLEEPY ORANGE
Image_1505.jpg,SLEEPY ORANGE
Image_1506.jpg,MOURNING CLOAK
Image_1507.jpg,SLEEPY ORANGE
Image_1508.jpg,SLEEPY ORANGE
Image_1509.jpg,SLEEPY ORANGE
Image_1510.jpg,SLEEPY ORANGE
Image_1511.jpg,SLEEPY ORANGE
Image_1512.jpg,AN 88
Image_1513.jpg,SLEEPY ORANGE
Image_1514.jpg,SLEEPY ORANGE
Image_1515.jpg,SLEEPY ORANGE
Image_1516.jpg,SLEEPY ORANGE
Image_1517.jpg,SLEEPY ORANGE
Image_1518.jpg,MOURNING CLOAK
Image_1519.jpg,SLEEPY ORANGE
Image_1520.jpg,SLEEPY ORANGE
Image_1521.jpg,SLEEPY ORANGE
Image_1522.jpg,SLEEPY ORANGE
Image_1523.jpg,MOURNING CLOAK
Image_1524.jpg,SLEEPY ORANGE
Image_1525.jpg,SLEEPY ORANGE
Image_1526.jpg,SLEEPY ORANGE
Image_1527.jpg,EASTERN PINE ELFIN
Image_1528.jpg,SLEEPY ORANGE
Image_1529.jpg,SLEEPY ORANGE
Image_1530.jpg,SLEEPY ORANGE
Image_1531.jpg,SLEEPY ORANGE
Image_1532.jpg,SLEEPY ORANGE
Image_1533.jpg,SLEEPY ORANGE
Image_1534.jpg,SLEEPY ORANGE
Image_1535.jpg,SLEEPY ORANGE
Image_1536.jpg,SLEEPY ORANGE
Image_1537.jpg,SLEEPY ORANGE
Image_1538.jpg,EASTERN PINE ELFIN
Image_1539.jpg,SLEEPY ORANGE
Image_1540.jpg,PAPER KITE
Image_1541.jpg,SCARCE SWALLOW
Image_1542.jpg,PAPER KITE
Image_1543.jpg,SLEEPY ORANGE
Image_1544.jpg,EASTERN PINE ELFIN
Image_1545.jpg,SLEEPY ORANGE
Image_1546.jpg,SLEEPY ORANGE
Image_1547.jpg,MOURNING CLOAK
Image_1548.jpg,MOURNING CLOAK
Image_1549.jpg,PAPER KITE
Image_1550.jpg,SLEEPY ORANGE
Image_1551.jpg,SLEEPY ORANGE
Image_1552.jpg,SLEEPY ORANGE
Image_1553.jpg,SLEEPY ORANGE
Image_1554.jpg,MOURNING CLOAK
Image_1555.jpg,SLEEPY ORANGE
Image_1556.jpg,SLEEPY ORANGE
Image_1557.jpg,SLEEPY ORANGE
Image_1558.jpg,SLEEPY ORANGE
Image_1559.jpg,SLEEPY ORANGE
Image_1560.jpg,SLEEPY ORANGE
Image_1561.jpg,PAPER KITE
Image_1562.jpg,AN 88
Image_1563.jpg,SLEEPY ORANGE
Image_1564.jpg,SLEEPY ORANGE
Image_1565.jpg,SLEEPY ORANGE
Image_1566.jpg,SLEEPY ORANGE
Image_1567.jpg,SLEEPY ORANGE
Image_1568.jpg,EASTERN PINE ELFIN
Image_1569.jpg,PAPER KITE
Image_1570.jpg,MOURNING CLOAK
Image_1571.jpg,SLEEPY ORANGE
Image_1572.jpg,PAPER KITE
Image_1573.jpg,MOURNING CLOAK
Image_1574.jpg,SLEEPY ORANGE
Image_1575.jpg,SLEEPY ORANGE
Image_1576.jpg,SLEEPY ORANGE
Image_1577.jpg,SLEEPY ORANGE
Image_1578.jpg,MOURNING CLOAK
Image_1579.jpg,SLEEPY ORANGE
Image_1580.jpg,SLEEPY ORANGE
Image_1581.jpg,SLEEPY ORANGE
Image_1582.jpg,SLEEPY ORANGE
Image_1583.jpg,SLEEPY ORANGE
Image_1584.jpg,SLEEPY ORANGE
Image_1585.jpg,SLEEPY ORANGE
Image_1586.jpg,EASTERN PINE ELFIN
Image_1587.jpg,EASTERN PINE ELFIN
Image_1588.jpg,MOURNING CLOAK
Image_1589.jpg,SLEEPY ORANGE
Image_1590.jpg,SLEEPY ORANGE
Image_1591.jpg,SLEEPY ORANGE
Image_1592.jpg,SCARCE SWALLOW
Image_1593.jpg,SLEEPY ORANGE
Image_1594.jpg,MOURNING CLOAK
Image_1595.jpg,MOURNING CLOAK
Image_1596.jpg,MOURNING CLOAK
Image_1597.jpg,SLEEPY ORANGE
Image_1598.jpg,SLEEPY ORANGE
Image_1599.jpg,SLEEPY ORANGE
Image_1600.jpg,SLEEPY ORANGE
Image_1601.jpg,SLEEPY ORANGE
Image_1602.jpg,SLEEPY ORANGE
Image_1603.jpg,SLEEPY ORANGE
Image_1604.jpg,MOURNING CLOAK
Image_1605.jpg,MOURNING CLOAK
Image_1606.jpg,PAPER KITE
Image_1607.jpg,SLEEPY ORANGE
Image_1608.jpg,SLEEPY ORANGE
Image_1609.jpg,SLEEPY ORANGE
Image_1610.jpg,SLEEPY ORANGE
Image_1611.jpg,MOURNING CLOAK
Image_1612.jpg,SLEEPY ORANGE
Image_1613.jpg,SLEEPY ORANGE
Image_1614.jpg,PAPER KITE
Image_1615.jpg,SCARCE SWALLOW
Image_1616.jpg,SLEEPY ORANGE
Image_1617.jpg,SLEEPY ORANGE
Image_1618.jpg,SLEEPY ORANGE
Image_1619.jpg,PAPER KITE
Image_1620.jpg,SLEEPY ORANGE
Image_1621.jpg,SLEEPY ORANGE
Image_1622.jpg,SLEEPY ORANGE
Image_1623.jpg,SLEEPY ORANGE
Image_1624.jpg,SLEEPY ORANGE
Image_1625.jpg,EASTERN PINE ELFIN
Image_1626.jpg,SLEEPY ORANGE
Image_1627.jpg,SLEEPY ORANGE
Image_1628.jpg,SLEEPY ORANGE
Image_1629.jpg,SLEEPY ORANGE
Image_1630.jpg,ATALA
Image_1631.jpg,SLEEPY ORANGE
Image_1632.jpg,SLEEPY ORANGE
Image_1633.jpg,SLEEPY ORANGE
Image_1634.jpg,PAPER KITE
Image_1635.jpg,PAPER KITE
Image_1636.jpg,MOURNING CLOAK
Image_1637.jpg,SLEEPY ORANGE
Image_1638.jpg,SLEEPY ORANGE
Image_1639.jpg,SLEEPY ORANGE
Image_1640.jpg,SLEEPY ORANGE
Image_1641.jpg,MOURNING CLOAK
Image_1642.jpg,SLEEPY ORANGE
Image_1643.jpg,SLEEPY ORANGE
Image_1644.jpg,SLEEPY ORANGE
Image_1645.jpg,SLEEPY ORANGE
Image_1646.jpg,MOURNING CLOAK
Image_1647.jpg,SLEEPY ORANGE
Image_1648.jpg,SLEEPY ORANGE
Image_1649.jpg,SLEEPY ORANGE
Image_1650.jpg,SLEEPY ORANGE
Image_1651.jpg,SLEEPY ORANGE
Image_1652.jpg,EASTERN PINE ELFIN
Image_1653.jpg,SLEEPY ORANGE
Image_1654.jpg,MOURNING CLOAK
Image_1655.jpg,SLEEPY ORANGE
Image_1656.jpg,SLEEPY ORANGE
Image_1657.jpg,MOURNING CLOAK
Image_1658.jpg,MOURNING CLOAK
Image_1659.jpg,SLEEPY ORANGE
Image_1660.jpg,EASTERN PINE ELFIN
Image_1661.jpg,SLEEPY ORANGE
Image_1662.jpg,EASTERN PINE ELFIN
Image_1663.jpg,SCARCE SWALLOW
Image_1664.jpg,MOURNING CLOAK
Image_1665.jpg,SLEEPY ORANGE
Image_1666.jpg,SLEEPY ORANGE
Image_1667.jpg,SLEEPY ORANGE
Image_1668.jpg,AN 88
Image_1669.jpg,PAPER KITE
Image_1670.jpg,SLEEPY ORANGE
Image_1671.jpg,SLEEPY ORANGE
Image_1672.jpg,PAPER KITE
Image_1673.jpg,SLEEPY ORANGE
Image_1674.jpg,MOURNING CLOAK
Image_1675.jpg,SLEEPY ORANGE
Image_1676.jpg,SLEEPY ORANGE
Image_1677.jpg,MOURNING CLOAK
Image_1678.jpg,PAPER KITE
Image_1679.jpg,SLEEPY ORANGE
Image_1680.jpg,SLEEPY ORANGE
Image_1681.jpg,MOURNING CLOAK
Image_1682.jpg,SLEEPY ORANGE
Image_1683.jpg,SLEEPY ORANGE
Image_1684.jpg,SLEEPY ORANGE
Image_1685.jpg,SCARCE SWALLOW
Image_1686.jpg,SLEEPY ORANGE
Image_1687.jpg,ZEBRA LONG WING
Image_1688.jpg,PAPER KITE
Image_1689.jpg,SLEEPY ORANGE
Image_1690.jpg,SLEEPY ORANGE
Image_1691.jpg,SLEEPY ORANGE
Image_1692.jpg,SLEEPY ORANGE
Image_1693.jpg,SCARCE SWALLOW
Image_1694.jpg,AN 88
Image_1695.jpg,SLEEPY ORANGE
Image_1696.jpg,EASTERN PINE ELFIN
Image_1697.jpg,SLEEPY ORANGE
Image_1698.jpg,SLEEPY ORANGE
Image_1699.jpg,SLEEPY ORANGE
Image_1700.jpg,PAPER KITE
Image_1701.jpg,SLEEPY ORANGE
Image_1702.jpg,SLEEPY ORANGE
Image_1703.jpg,MOURNING CLOAK
Image_1704.jpg,MOURNING CLOAK
Image_1705.jpg,SLEEPY ORANGE
Image_1706.jpg,SLEEPY ORANGE
Image_1707.jpg,SLEEPY ORANGE
Image_1708.jpg,SLEEPY ORANGE
Image_1709.jpg,SLEEPY ORANGE
Image_1710.jpg,SLEEPY ORANGE
Image_1711.jpg,SLEEPY ORANGE
Image_1712.jpg,MOURNING CLOAK
Image_1713.jpg,MOURNING CLOAK
Image_1714.jpg,SLEEPY ORANGE
Image_1715.jpg,SLEEPY ORANGE
Image_1716.jpg,SLEEPY ORANGE
Image_1717.jpg,AN 88
Image_1718.jpg,SLEEPY ORANGE
Image_1719.jpg,MOURNING CLOAK
Image_1720.jpg,SLEEPY ORANGE
Image_1721.jpg,SCARCE SWALLOW
Image_1722.jpg,SLEEPY ORANGE
Image_1723.jpg,AN 88
Image_1724.jpg,SLEEPY ORANGE
Image_1725.jpg,SLEEPY ORANGE
Image_1726.jpg,SLEEPY ORANGE
Image_1727.jpg,SLEEPY ORANGE
Image_1728.jpg,SLEEPY ORANGE
Image_1729.jpg,SLEEPY ORANGE
Image_1730.jpg,SLEEPY ORANGE
Image_1731.jpg,SLEEPY ORANGE
Image_1732.jpg,SLEEPY ORANGE
Image_1733.jpg,MOURNING CLOAK
Image_1734.jpg,SLEEPY ORANGE
Image_1735.jpg,SLEEPY ORANGE
Image_1736.jpg,SLEEPY ORANGE
Image_1737.jpg,SLEEPY ORANGE
Image_1738.jpg,MOURNING CLOAK
Image_1739.jpg,SLEEPY ORANGE
Image_1740.jpg,MOURNING CLOAK
Image_1741.jpg,SLEEPY ORANGE
Image_1742.jpg,SLEEPY ORANGE
Image_1743.jpg,MOURNING CLOAK
Image_1744.jpg,MOURNING CLOAK
Image_1745.jpg,SLEEPY ORANGE
Image_1746.jpg,SLEEPY ORANGE
Image_1747.jpg,MOURNING CLOAK
Image_1748.jpg,MOURNING CLOAK
Image_1749.jpg,SLEEPY ORANGE
Image_1750.jpg,SLEEPY ORANGE
Image_1751.jpg,SLEEPY ORANGE
Image_1752.jpg,SLEEPY ORANGE
Image_1753.jpg,MOURNING CLOAK
Image_1754.jpg,SLEEPY ORANGE
Image_1755.jpg,SCARCE SWALLOW
Image_1756.jpg,SLEEPY ORANGE
Image_1757.jpg,SLEEPY ORANGE
Image_1758.jpg,SLEEPY ORANGE
Image_1759.jpg,SLEEPY ORANGE
Image_1760.jpg,SLEEPY ORANGE
Image_1761.jpg,SLEEPY ORANGE
Image_1762.jpg,SLEEPY ORANGE
Image_1763.jpg,SLEEPY ORANGE
Image_1764.jpg,PAPER KITE
Image_1765.jpg,EASTERN PINE ELFIN
Image_1766.jpg,SLEEPY ORANGE
Image_1767.jpg,SLEEPY ORANGE
Image_1768.jpg,SLEEPY ORANGE
Image_1769.jpg,PAPER KITE
Image_1770.jpg,SLEEPY ORANGE
Image_1771.jpg,SLEEPY ORANGE
Image_1772.jpg,SLEEPY ORANGE
Image_1773.jpg,MOURNING CLOAK
Image_1774.jpg,MOURNING CLOAK
Image_1775.jpg,SLEEPY ORANGE
Image_1776.jpg,SCARCE SWALLOW
Image_1777.jpg,SLEEPY ORANGE
Image_1778.jpg,MOURNING CLOAK
Image_1779.jpg,MOURNING CLOAK
Image_1780.jpg,MOURNING CLOAK
Image_1781.jpg,SLEEPY ORANGE
Image_1782.jpg,SLEEPY ORANGE
Image_1783.jpg,AN 88
Image_1784.jpg,SLEEPY ORANGE
Image_1785.jpg,SLEEPY ORANGE
Image_1786.jpg,SLEEPY ORANGE
Image_1787.jpg,SCARCE SWALLOW
Image_1788.jpg,MOURNING CLOAK
Image_1789.jpg,EASTERN PINE ELFIN
Image_1790.jpg,SLEEPY ORANGE
Image_1791.jpg,EASTERN PINE ELFIN
Image_1792.jpg,SLEEPY ORANGE
Image_1793.jpg,SLEEPY ORANGE
Image_1794.jpg,MOURNING CLOAK
Image_1795.jpg,SLEEPY ORANGE
Image_1796.jpg,MOURNING CLOAK
Image_1797.jpg,SLEEPY ORANGE
Image_1798.jpg,SLEEPY ORANGE
Image_1799.jpg,SLEEPY ORANGE
Image_1800.jpg,SLEEPY ORANGE
Image_1801.jpg,ATALA
Image_1802.jpg,SLEEPY ORANGE
Image_1803.jpg,SLEEPY ORANGE
Image_1804.jpg,SCARCE SWALLOW
Image_1805.jpg,SLEEPY ORANGE
Image_1806.jpg,SLEEPY ORANGE
Image_1807.jpg,SLEEPY ORANGE
Image_1808.jpg,SLEEPY ORANGE
Image_1809.jpg,MOURNING CLOAK
Image_1810.jpg,SLEEPY ORANGE
Image_1811.jpg,MOURNING CLOAK
Image_1812.jpg,MOURNING CLOAK
Image_1813.jpg,EASTERN PINE ELFIN
Image_1814.jpg,SLEEPY ORANGE
Image_1815.jpg,SLEEPY ORANGE
Image_1816.jpg,ATALA
Image_1817.jpg,SLEEPY ORANGE
Image_1818.jpg,EASTERN PINE ELFIN
Image_1819.jpg,MOURNING CLOAK
Image_1820.jpg,SLEEPY ORANGE
Image_1821.jpg,SCARCE SWALLOW
Image_1822.jpg,MOURNING CLOAK
Image_1823.jpg,SLEEPY ORANGE
Image_1824.jpg,AN 88
Image_1825.jpg,SLEEPY ORANGE
Image_1826.jpg,SLEEPY ORANGE
Image_1827.jpg,SCARCE SWALLOW
Image_1828.jpg,SLEEPY ORANGE
Image_1829.jpg,SLEEPY ORANGE
Image_1830.jpg,SLEEPY ORANGE
Image_1831.jpg,SLEEPY ORANGE
Image_1832.jpg,SLEEPY ORANGE
Image_1833.jpg,SLEEPY ORANGE
Image_1834.jpg,PAPER KITE
Image_1835.jpg,MOURNING CLOAK
Image_1836.jpg,SLEEPY ORANGE
Image_1837.jpg,AN 88
Image_1838.jpg,SLEEPY ORANGE
Image_1839.jpg,SLEEPY ORANGE
Image_1840.jpg,SLEEPY ORANGE
Image_1841.jpg,SLEEPY ORANGE
Image_1842.jpg,SLEEPY ORANGE
Image_1843.jpg,SCARCE SWALLOW
Image_1844.jpg,SLEEPY ORANGE
Image_1845.jpg,PAPER KITE
Image_1846.jpg,SLEEPY ORANGE
Image_1847.jpg,SLEEPY ORANGE
Image_1848.jpg,SLEEPY ORANGE
Image_1849.jpg,SLEEPY ORANGE
Image_1850.jpg,SLEEPY ORANGE
Image_1851.jpg,PAPER KITE
Image_1852.jpg,SLEEPY ORANGE
Image_1853.jpg,SCARCE SWALLOW
Image_1854.jpg,EASTERN PINE ELFIN
Image_1855.jpg,MOURNING CLOAK
Image_1856.jpg,SLEEPY ORANGE
Image_1857.jpg,EASTERN PINE ELFIN
Image_1858.jpg,SLEEPY ORANGE
Image_1859.jpg,AN 88
Image_1860.jpg,SLEEPY ORANGE
Image_1861.jpg,MOURNING CLOAK
Image_1862.jpg,SLEEPY ORANGE
Image_1863.jpg,SLEEPY ORANGE
Image_1864.jpg,SLEEPY ORANGE
Image_1865.jpg,SLEEPY ORANGE
Image_1866.jpg,SLEEPY ORANGE
Image_1867.jpg,SLEEPY ORANGE
Image_1868.jpg,SCARCE SWALLOW
Image_1869.jpg,SLEEPY ORANGE
Image_1870.jpg,SLEEPY ORANGE
Image_1871.jpg,SLEEPY ORANGE
Image_1872.jpg,MOURNING CLOAK
Image_1873.jpg,SLEEPY ORANGE
Image_1874.jpg,SLEEPY ORANGE
Image_1875.jpg,SCARCE SWALLOW
Image_1876.jpg,AN 88
Image_1877.jpg,SLEEPY ORANGE
Image_1878.jpg,SLEEPY ORANGE
Image_1879.jpg,SLEEPY ORANGE
Image_1880.jpg,MOURNING CLOAK
Image_1881.jpg,SLEEPY ORANGE
Image_1882.jpg,MOURNING CLOAK
Image_1883.jpg,MOURNING CLOAK
Image_1884.jpg,SLEEPY ORANGE
Image_1885.jpg,SLEEPY ORANGE
Image_1886.jpg,SLEEPY ORANGE
Image_1887.jpg,SLEEPY ORANGE
Image_1888.jpg,SLEEPY ORANGE
Image_1889.jpg,SLEEPY ORANGE
Image_1890.jpg,SLEEPY ORANGE
Image_1891.jpg,SLEEPY ORANGE
Image_1892.jpg,SCARCE SWALLOW
Image_1893.jpg,SLEEPY ORANGE
Image_1894.jpg,SLEEPY ORANGE
Image_1895.jpg,MOURNING CLOAK
Image_1896.jpg,SLEEPY ORANGE
Image_1897.jpg,SLEEPY ORANGE
Image_1898.jpg,SLEEPY ORANGE
Image_1899.jpg,SLEEPY ORANGE
Image_1900.jpg,MOURNING CLOAK
Image_1901.jpg,MOURNING CLOAK
Image_1902.jpg,SLEEPY ORANGE
Image_1903.jpg,SLEEPY ORANGE
Image_1904.jpg,SLEEPY ORANGE
Image_1905.jpg,SLEEPY ORANGE
Image_1906.jpg,SCARCE SWALLOW
Image_1907.jpg,SLEEPY ORANGE
Image_1908.jpg,SLEEPY ORANGE
Image_1909.jpg,SLEEPY ORANGE
Image_1910.jpg,EASTERN PINE ELFIN
Image_1911.jpg,SLEEPY ORANGE
Image_1912.jpg,SLEEPY ORANGE
Image_1913.jpg,AN 88
Image_1914.jpg,SLEEPY ORANGE
Image_1915.jpg,AN 88
Image_1916.jpg,SLEEPY ORANGE
Image_1917.jpg,SLEEPY ORANGE
Image_1918.jpg,MOURNING CLOAK
Image_1919.jpg,SLEEPY ORANGE
Image_1920.jpg,SCARCE SWALLOW
Image_1921.jpg,SLEEPY ORANGE
Image_1922.jpg,SLEEPY ORANGE
Image_1923.jpg,SLEEPY ORANGE
Image_1924.jpg,MOURNING CLOAK
Image_1925.jpg,SLEEPY ORANGE
Image_1926.jpg,MOURNING CLOAK
Image_1927.jpg,MOURNING CLOAK
Image_1928.jpg,SLEEPY ORANGE
Image_1929.jpg,MOURNING CLOAK
Image_1930.jpg,SLEEPY ORANGE
Image_1931.jpg,SLEEPY ORANGE
Image_1932.jpg,SLEEPY ORANGE
Image_1933.jpg,SLEEPY ORANGE
Image_1934.jpg,SLEEPY ORANGE
Image_1935.jpg,SLEEPY ORANGE
Image_1936.jpg,MOURNING CLOAK
Image_1937.jpg,SLEEPY ORANGE
Image_1938.jpg,SLEEPY ORANGE
Image_1939.jpg,SLEEPY ORANGE
Image_1940.jpg,SLEEPY ORANGE
Image_1941.jpg,SLEEPY ORANGE
Image_1942.jpg,SLEEPY ORANGE
Image_1943.jpg,MOURNING CLOAK
Image_1944.jpg,SLEEPY ORANGE
Image_1945.jpg,MOURNING CLOAK
Image_1946.jpg,SLEEPY ORANGE
Image_1947.jpg,SLEEPY ORANGE
Image_1948.jpg,SLEEPY ORANGE
Image_1949.jpg,SCARCE SWALLOW
Image_1950.jpg,SLEEPY ORANGE
Image_1951.jpg,SLEEPY ORANGE
Image_1952.jpg,MOURNING CLOAK
Image_1953.jpg,SLEEPY ORANGE
Image_1954.jpg,AN 88
Image_1955.jpg,SLEEPY ORANGE
Image_1956.jpg,SLEEPY ORANGE
Image_1957.jpg,MOURNING CLOAK
Image_1958.jpg,SLEEPY ORANGE
Image_1959.jpg,SLEEPY ORANGE
Image_1960.jpg,MOURNING CLOAK
Image_1961.jpg,SLEEPY ORANGE
Image_1962.jpg,SLEEPY ORANGE
Image_1963.jpg,SCARCE SWALLOW
Image_1964.jpg,MOURNING CLOAK
Image_1965.jpg,AN 88
Image_1966.jpg,SLEEPY ORANGE
Image_1967.jpg,AN 88
Image_1968.jpg,SLEEPY ORANGE
Image_1969.jpg,SLEEPY ORANGE
Image_1970.jpg,SLEEPY ORANGE
Image_1971.jpg,AN 88
Image_1972.jpg,EASTERN PINE ELFIN
Image_1973.jpg,PAPER KITE
Image_1974.jpg,SLEEPY ORANGE
Image_1975.jpg,SLEEPY ORANGE
Image_1976.jpg,SLEEPY ORANGE
Image_1977.jpg,SLEEPY ORANGE
Image_1978.jpg,SLEEPY ORANGE
Image_1979.jpg,SLEEPY ORANGE
Image_1980.jpg,SLEEPY ORANGE
Image_1981.jpg,AN 88
Image_1982.jpg,SLEEPY ORANGE
Image_1983.jpg,SCARCE SWALLOW
Image_1984.jpg,SLEEPY ORANGE
Image_1985.jpg,SCARCE SWALLOW
Image_1986.jpg,EASTERN PINE ELFIN
Image_1987.jpg,SLEEPY ORANGE
Image_1988.jpg,MOURNING CLOAK
Image_1989.jpg,SLEEPY ORANGE
Image_1990.jpg,EASTERN PINE ELFIN
Image_1991.jpg,SLEEPY ORANGE
Image_1992.jpg,MOURNING CLOAK
Image_1993.jpg,MOURNING CLOAK
Image_1994.jpg,MOURNING CLOAK
Image_1995.jpg,SCARCE SWALLOW
Image_1996.jpg,SLEEPY ORANGE
Image_1997.jpg,SLEEPY ORANGE
Image_1998.jpg,SLEEPY ORANGE
Image_1999.jpg,SCARCE SWALLOW
Image_2000.jpg,SLEEPY ORANGE
Image_2001.jpg,SLEEPY ORANGE
Image_2002.jpg,MOURNING CLOAK
Image_2003.jpg,MOURNING CLOAK
Image_2004.jpg,MOURNING CLOAK
Image_2005.jpg,SLEEPY ORANGE
Image_2006.jpg,SLEEPY ORANGE
Image_2007.jpg,PAPER KITE
Image_2008.jpg,MOURNING CLOAK
Image_2009.jpg,SLEEPY ORANGE
Image_2010.jpg,MOURNING CLOAK
Image_2011.jpg,SLEEPY ORANGE
Image_2012.jpg,MOURNING CLOAK
Image_2013.jpg,MOURNING CLOAK
Image_2014.jpg,SLEEPY ORANGE
Image_2015.jpg,SLEEPY ORANGE
Image_2016.jpg,MOURNING CLOAK
Image_2017.jpg,SLEEPY ORANGE
Image_2018.jpg,PAPER KITE
Image_2019.jpg,SLEEPY ORANGE
Image_2020.jpg,SLEEPY ORANGE
Image_2021.jpg,SLEEPY ORANGE
Image_2022.jpg,SLEEPY ORANGE
Image_2023.jpg,SLEEPY ORANGE
Image_2024.jpg,SLEEPY ORANGE
Image_2025.jpg,SLEEPY ORANGE
Image_2026.jpg,SLEEPY ORANGE
Image_2027.jpg,SLEEPY ORANGE
Image_2028.jpg,SLEEPY ORANGE
Image_2029.jpg,EASTERN PINE ELFIN
Image_2030.jpg,SLEEPY ORANGE
Image_2031.jpg,SLEEPY ORANGE
Image_2032.jpg,SLEEPY ORANGE
Image_2033.jpg,MOURNING CLOAK
Image_2034.jpg,SLEEPY ORANGE
Image_2035.jpg,ATALA
Image_2036.jpg,EASTERN PINE ELFIN
Image_2037.jpg,SLEEPY ORANGE
Image_2038.jpg,SLEEPY ORANGE
Image_2039.jpg,SLEEPY ORANGE
Image_2040.jpg,MOURNING CLOAK
Image_2041.jpg,SLEEPY ORANGE
Image_2042.jpg,SLEEPY ORANGE
Image_2043.jpg,MOURNING CLOAK
Image_2044.jpg,MOURNING CLOAK
Image_2045.jpg,SCARCE SWALLOW
Image_2046.jpg,SLEEPY ORANGE
Image_2047.jpg,MOURNING CLOAK
Image_2048.jpg,SLEEPY ORANGE
Image_2049.jpg,SCARCE SWALLOW
Image_2050.jpg,MOURNING CLOAK
Image_2051.jpg,SLEEPY ORANGE
Image_2052.jpg,SLEEPY ORANGE
Image_2053.jpg,SLEEPY ORANGE
Image_2054.jpg,SLEEPY ORANGE
Image_2055.jpg,MOURNING CLOAK
Image_2056.jpg,SLEEPY ORANGE
Image_2057.jpg,MOURNING CLOAK
Image_2058.jpg,SLEEPY ORANGE
Image_2059.jpg,SLEEPY ORANGE
Image_2060.jpg,SLEEPY ORANGE
Image_2061.jpg,SLEEPY ORANGE
Image_2062.jpg,SLEEPY ORANGE
Image_2063.jpg,ATALA
Image_2064.jpg,EASTERN PINE ELFIN
Image_2065.jpg,PAPER KITE
Image_2066.jpg,SLEEPY ORANGE
Image_2067.jpg,SLEEPY ORANGE
Image_2068.jpg,PAPER KITE
Image_2069.jpg,ATALA
Image_2070.jpg,MOURNING CLOAK
Image_2071.jpg,MOURNING CLOAK
Image_2072.jpg,MOURNING CLOAK
Image_2073.jpg,SCARCE SWALLOW
Image_2074.jpg,MOURNING CLOAK
Image_2075.jpg,MOURNING CLOAK
Image_2076.jpg,SLEEPY ORANGE
Image_2077.jpg,PAPER KITE
Image_2078.jpg,SLEEPY ORANGE
Image_2079.jpg,ATALA
Image_2080.jpg,SLEEPY ORANGE
Image_2081.jpg,SLEEPY ORANGE
Image_2082.jpg,SLEEPY ORANGE
Image_2083.jpg,AN 88
Image_2084.jpg,SLEEPY ORANGE
Image_2085.jpg,MOURNING CLOAK
Image_2086.jpg,SLEEPY ORANGE
Image_2087.jpg,MOURNING CLOAK
Image_2088.jpg,SLEEPY ORANGE
Image_2089.jpg,SLEEPY ORANGE
Image_2090.jpg,PAPER KITE
Image_2091.jpg,SLEEPY ORANGE
Image_2092.jpg,PAPER KITE
Image_2093.jpg,SLEEPY ORANGE
Image_2094.jpg,SLEEPY ORANGE
Image_2095.jpg,SLEEPY ORANGE
Image_2096.jpg,MOURNING CLOAK
Image_2097.jpg,MOURNING CLOAK
Image_2098.jpg,SLEEPY ORANGE
Image_2099.jpg,SLEEPY ORANGE
Image_2100.jpg,SLEEPY ORANGE
Image_2101.jpg,MOURNING CLOAK
Image_2102.jpg,SLEEPY ORANGE
Image_2103.jpg,SLEEPY ORANGE
Image_2104.jpg,SLEEPY ORANGE
Image_2105.jpg,EASTERN PINE ELFIN
Image_2106.jpg,SLEEPY ORANGE
Image_2107.jpg,SLEEPY ORANGE
Image_2108.jpg,MOURNING CLOAK
Image_2109.jpg,SLEEPY ORANGE
Image_2110.jpg,EASTERN PINE ELFIN
Image_2111.jpg,SCARCE SWALLOW
Image_2112.jpg,MOURNING CLOAK
Image_2113.jpg,ATALA
Image_2114.jpg,SLEEPY ORANGE
Image_2115.jpg,SLEEPY ORANGE
Image_2116.jpg,SLEEPY ORANGE
Image_2117.jpg,MOURNING CLOAK
Image_2118.jpg,SLEEPY ORANGE
Image_2119.jpg,SLEEPY ORANGE
Image_2120.jpg,SLEEPY ORANGE
Image_2121.jpg,SLEEPY ORANGE
Image_2122.jpg,SCARCE SWALLOW
Image_2123.jpg,SLEEPY ORANGE
Image_2124.jpg,SLEEPY ORANGE
Image_2125.jpg,SLEEPY ORANGE
Image_2126.jpg,SCARCE SWALLOW
Image_2127.jpg,SLEEPY ORANGE
Image_2128.jpg,SCARCE SWALLOW
Image_2129.jpg,SLEEPY ORANGE
Image_2130.jpg,SLEEPY ORANGE
Image_2131.jpg,SLEEPY ORANGE
Image_2132.jpg,MOURNING CLOAK
Image_2133.jpg,SLEEPY ORANGE
Image_2134.jpg,SLEEPY ORANGE
Image_2135.jpg,SCARCE SWALLOW
Image_2136.jpg,SLEEPY ORANGE
Image_2137.jpg,MOURNING CLOAK
Image_2138.jpg,MOURNING CLOAK
Image_2139.jpg,SLEEPY ORANGE
Image_2140.jpg,SLEEPY ORANGE
Image_2141.jpg,SLEEPY ORANGE
Image_2142.jpg,MOURNING CLOAK
Image_2143.jpg,SLEEPY ORANGE
Image_2144.jpg,SLEEPY ORANGE
Image_2145.jpg,SLEEPY ORANGE
Image_2146.jpg,SLEEPY ORANGE
Image_2147.jpg,SLEEPY ORANGE
Image_2148.jpg,SLEEPY ORANGE
Image_2149.jpg,MOURNING CLOAK
Image_2150.jpg,SLEEPY ORANGE
Image_2151.jpg,EASTERN PINE ELFIN
Image_2152.jpg,MOURNING CLOAK
Image_2153.jpg,SLEEPY ORANGE
Image_2154.jpg,SLEEPY ORANGE
Image_2155.jpg,SLEEPY ORANGE
Image_2156.jpg,SCARCE SWALLOW
Image_2157.jpg,SLEEPY ORANGE
Image_2158.jpg,SLEEPY ORANGE
Image_2159.jpg,MOURNING CLOAK
Image_2160.jpg,SLEEPY ORANGE
Image_2161.jpg,SLEEPY ORANGE
Image_2162.jpg,SLEEPY ORANGE
Image_2163.jpg,SLEEPY ORANGE
Image_2164.jpg,SLEEPY ORANGE
Image_2165.jpg,AN 88
Image_2166.jpg,SLEEPY ORANGE
Image_2167.jpg,EASTERN PINE ELFIN
Image_2168.jpg,SLEEPY ORANGE
Image_2169.jpg,MOURNING CLOAK
Image_2170.jpg,SLEEPY ORANGE
Image_2171.jpg,SLEEPY ORANGE
Image_2172.jpg,SLEEPY ORANGE
Image_2173.jpg,AN 88
Image_2174.jpg,SLEEPY ORANGE
Image_2175.jpg,MOURNING CLOAK
Image_2176.jpg,SLEEPY ORANGE
Image_2177.jpg,AN 88
Image_2178.jpg,SLEEPY ORANGE
Image_2179.jpg,MOURNING CLOAK
Image_2180.jpg,SLEEPY ORANGE
Image_2181.jpg,SLEEPY ORANGE
Image_2182.jpg,SLEEPY ORANGE
Image_2183.jpg,MOURNING CLOAK
Image_2184.jpg,SLEEPY ORANGE
Image_2185.jpg,SLEEPY ORANGE
Image_2186.jpg,SLEEPY ORANGE
Image_2187.jpg,EASTERN PINE ELFIN
Image_2188.jpg,SLEEPY ORANGE
Image_2189.jpg,SLEEPY ORANGE
Image_2190.jpg,SLEEPY ORANGE
Image_2191.jpg,MOURNING CLOAK
Image_2192.jpg,PAPER KITE
Image_2193.jpg,SLEEPY ORANGE
Image_2194.jpg,SLEEPY ORANGE
Image_2195.jpg,SLEEPY ORANGE
Image_2196.jpg,MOURNING CLOAK
Image_2197.jpg,SCARCE SWALLOW
Image_2198.jpg,SLEEPY ORANGE
Image_2199.jpg,AN 88
Image_2200.jpg,SLEEPY ORANGE
Image_2201.jpg,SLEEPY ORANGE
Image_2202.jpg,EASTERN PINE ELFIN
Image_2203.jpg,MOURNING CLOAK
Image_2204.jpg,MOURNING CLOAK
Image_2205.jpg,SLEEPY ORANGE
Image_2206.jpg,MOURNING CLOAK
Image_2207.jpg,AN 88
Image_2208.jpg,SLEEPY ORANGE
Image_2209.jpg,SLEEPY ORANGE
Image_2210.jpg,SLEEPY ORANGE
Image_2211.jpg,SLEEPY ORANGE
Image_2212.jpg,SCARCE SWALLOW
Image_2213.jpg,SLEEPY ORANGE
Image_2214.jpg,SLEEPY ORANGE
Image_2215.jpg,PAPER KITE
Image_2216.jpg,SLEEPY ORANGE
Image_2217.jpg,SLEEPY ORANGE
Image_2218.jpg,MOURNING CLOAK
Image_2219.jpg,SCARCE SWALLOW
Image_2220.jpg,MOURNING CLOAK
Image_2221.jpg,SLEEPY ORANGE
Image_2222.jpg,SCARCE SWALLOW
Image_2223.jpg,MOURNING CLOAK
Image_2224.jpg,SLEEPY ORANGE
Image_2225.jpg,EASTERN PINE ELFIN
Image_2226.jpg,SLEEPY ORANGE
Image_2227.jpg,MOURNING CLOAK
Image_2228.jpg,MOURNING CLOAK
Image_2229.jpg,SLEEPY ORANGE
Image_2230.jpg,SCARCE SWALLOW
Image_2231.jpg,SLEEPY ORANGE
Image_2232.jpg,SLEEPY ORANGE
Image_2233.jpg,SLEEPY ORANGE
Image_2234.jpg,MOURNING CLOAK
Image_2235.jpg,EASTERN PINE ELFIN
Image_2236.jpg,SLEEPY ORANGE
Image_2237.jpg,SLEEPY ORANGE
Image_2238.jpg,SLEEPY ORANGE
Image_2239.jpg,SLEEPY ORANGE
Image_2240.jpg,AN 88
Image_2241.jpg,MOURNING CLOAK
Image_2242.jpg,SLEEPY ORANGE
Image_2243.jpg,SCARCE SWALLOW
Image_2244.jpg,SLEEPY ORANGE
Image_2245.jpg,SLEEPY ORANGE
Image_2246.jpg,PAPER KITE
Image_2247.jpg,MOURNING CLOAK
Image_2248.jpg,SLEEPY ORANGE
Image_2249.jpg,SLEEPY ORANGE
Image_2250.jpg,SLEEPY ORANGE
Image_2251.jpg,MOURNING CLOAK
Image_2252.jpg,SLEEPY ORANGE
Image_2253.jpg,AN 88
Image_2254.jpg,SLEEPY ORANGE
Image_2255.jpg,SLEEPY ORANGE
Image_2256.jpg,SLEEPY ORANGE
Image_2257.jpg,EASTERN PINE ELFIN
Image_2258.jpg,MOURNING CLOAK
Image_2259.jpg,SLEEPY ORANGE
Image_2260.jpg,SLEEPY ORANGE
Image_2261.jpg,SLEEPY ORANGE
Image_2262.jpg,SLEEPY ORANGE
Image_2263.jpg,AN 88
Image_2264.jpg,SCARCE SWALLOW
Image_2265.jpg,SCARCE SWALLOW
Image_2266.jpg,SLEEPY ORANGE
Image_2267.jpg,MOURNING CLOAK
Image_2268.jpg,SLEEPY ORANGE
Image_2269.jpg,PAPER KITE
Image_2270.jpg,SLEEPY ORANGE
Image_2271.jpg,SLEEPY ORANGE
Image_2272.jpg,SLEEPY ORANGE
Image_2273.jpg,SLEEPY ORANGE
Image_2274.jpg,SLEEPY ORANGE
Image_2275.jpg,SLEEPY ORANGE
Image_2276.jpg,SLEEPY ORANGE
Image_2277.jpg,SLEEPY ORANGE
Image_2278.jpg,MOURNING CLOAK
Image_2279.jpg,SLEEPY ORANGE
Image_2280.jpg,SLEEPY ORANGE
Image_2281.jpg,EASTERN PINE ELFIN
Image_2282.jpg,SLEEPY ORANGE
Image_2283.jpg,SLEEPY ORANGE
Image_2284.jpg,SLEEPY ORANGE
Image_2285.jpg,SLEEPY ORANGE
Image_2286.jpg,SLEEPY ORANGE
Image_2287.jpg,SLEEPY ORANGE
Image_2288.jpg,PAPER KITE
Image_2289.jpg,SCARCE SWALLOW
Image_2290.jpg,MOURNING CLOAK
Image_2291.jpg,SLEEPY ORANGE
Image_2292.jpg,MOURNING CLOAK
Image_2293.jpg,PAPER KITE
Image_2294.jpg,SLEEPY ORANGE
Image_2295.jpg,SLEEPY ORANGE
Image_2296.jpg,MOURNING CLOAK
Image_2297.jpg,SLEEPY ORANGE
Image_2298.jpg,SLEEPY ORANGE
Image_2299.jpg,AN 88
Image_2300.jpg,SLEEPY ORANGE
Image_2301.jpg,SLEEPY ORANGE
Image_2302.jpg,SLEEPY ORANGE
Image_2303.jpg,SLEEPY ORANGE
Image_2304.jpg,SLEEPY ORANGE
Image_2305.jpg,SLEEPY ORANGE
Image_2306.jpg,SLEEPY ORANGE
Image_2307.jpg,SLEEPY ORANGE
Image_2308.jpg,MOURNING CLOAK
Image_2309.jpg,SLEEPY ORANGE
Image_2310.jpg,SLEEPY ORANGE
Image_2311.jpg,MOURNING CLOAK
Image_2312.jpg,MOURNING CLOAK
Image_2313.jpg,SLEEPY ORANGE
Image_2314.jpg,MOURNING CLOAK
Image_2315.jpg,PAPER KITE
Image_2316.jpg,SLEEPY ORANGE
Image_2317.jpg,SLEEPY ORANGE
Image_2318.jpg,MOURNING CLOAK
Image_2319.jpg,PAPER KITE
Image_2320.jpg,SLEEPY ORANGE
Image_2321.jpg,SLEEPY ORANGE
Image_2322.jpg,SLEEPY ORANGE
Image_2323.jpg,SLEEPY ORANGE
Image_2324.jpg,SLEEPY ORANGE
Image_2325.jpg,SLEEPY ORANGE
Image_2326.jpg,SLEEPY ORANGE
Image_2327.jpg,SLEEPY ORANGE
Image_2328.jpg,SLEEPY ORANGE
Image_2329.jpg,SLEEPY ORANGE
Image_2330.jpg,SLEEPY ORANGE
Image_2331.jpg,SLEEPY ORANGE
Image_2332.jpg,SLEEPY ORANGE
Image_2333.jpg,SLEEPY ORANGE
Image_2334.jpg,SLEEPY ORANGE
Image_2335.jpg,SLEEPY ORANGE
Image_2336.jpg,SLEEPY ORANGE
Image_2337.jpg,SLEEPY ORANGE
Image_2338.jpg,MOURNING CLOAK
Image_2339.jpg,SLEEPY ORANGE
Image_2340.jpg,SLEEPY ORANGE
Image_2341.jpg,SLEEPY ORANGE
Image_2342.jpg,EASTERN PINE ELFIN
Image_2343.jpg,SLEEPY ORANGE
Image_2344.jpg,SLEEPY ORANGE
Image_2345.jpg,SLEEPY ORANGE
Image_2346.jpg,SLEEPY ORANGE
Image_2347.jpg,SLEEPY ORANGE
Image_2348.jpg,ATALA
Image_2349.jpg,SLEEPY ORANGE
Image_2350.jpg,SLEEPY ORANGE
Image_2351.jpg,MOURNING CLOAK
Image_2352.jpg,SLEEPY ORANGE
Image_2353.jpg,SLEEPY ORANGE
Image_2354.jpg,SLEEPY ORANGE
Image_2355.jpg,SLEEPY ORANGE
Image_2356.jpg,EASTERN PINE ELFIN
Image_2357.jpg,SLEEPY ORANGE
Image_2358.jpg,SLEEPY ORANGE
Image_2359.jpg,PAPER KITE
Image_2360.jpg,MOURNING CLOAK
Image_2361.jpg,SLEEPY ORANGE
Image_2362.jpg,SLEEPY ORANGE
Image_2363.jpg,SLEEPY ORANGE
Image_2364.jpg,PAPER KITE
Image_2365.jpg,SLEEPY ORANGE
Image_2366.jpg,PAPER KITE
Image_2367.jpg,SLEEPY ORANGE
Image_2368.jpg,SLEEPY ORANGE
Image_2369.jpg,SLEEPY ORANGE
Image_2370.jpg,SLEEPY ORANGE
Image_2371.jpg,MOURNING CLOAK
Image_2372.jpg,SLEEPY ORANGE
Image_2373.jpg,SLEEPY ORANGE
Image_2374.jpg,MOURNING CLOAK
Image_2375.jpg,MOURNING CLOAK
Image_2376.jpg,SLEEPY ORANGE
Image_2377.jpg,SLEEPY ORANGE
Image_2378.jpg,SLEEPY ORANGE
Image_2379.jpg,SLEEPY ORANGE
Image_2380.jpg,SLEEPY ORANGE
Image_2381.jpg,SLEEPY ORANGE
Image_2382.jpg,SLEEPY ORANGE
Image_2383.jpg,SLEEPY ORANGE
Image_2384.jpg,SLEEPY ORANGE
Image_2385.jpg,SLEEPY ORANGE
Image_2386.jpg,SLEEPY ORANGE
Image_2387.jpg,SLEEPY ORANGE
Image_2388.jpg,SLEEPY ORANGE
Image_2389.jpg,SLEEPY ORANGE
Image_2390.jpg,SLEEPY ORANGE
Image_2391.jpg,SCARCE SWALLOW
Image_2392.jpg,MOURNING CLOAK
Image_2393.jpg,SLEEPY ORANGE
Image_2394.jpg,MOURNING CLOAK
Image_2395.jpg,SLEEPY ORANGE
Image_2396.jpg,EASTERN PINE ELFIN
Image_2397.jpg,MOURNING CLOAK
Image_2398.jpg,SLEEPY ORANGE
Image_2399.jpg,SLEEPY ORANGE
Image_2400.jpg,SLEEPY ORANGE
Image_2401.jpg,SLEEPY ORANGE
Image_2402.jpg,SLEEPY ORANGE
Image_2403.jpg,SLEEPY ORANGE
Image_2404.jpg,SLEEPY ORANGE
Image_2405.jpg,SLEEPY ORANGE
Image_2406.jpg,SLEEPY ORANGE
Image_2407.jpg,MOURNING CLOAK
Image_2408.jpg,MOURNING CLOAK
Image_2409.jpg,PAPER KITE
Image_2410.jpg,SLEEPY ORANGE
Image_2411.jpg,SLEEPY ORANGE
Image_2412.jpg,EASTERN PINE ELFIN
Image_2413.jpg,SLEEPY ORANGE
Image_2414.jpg,PAPER KITE
Image_2415.jpg,SLEEPY ORANGE
Image_2416.jpg,AN 88
Image_2417.jpg,SLEEPY ORANGE
Image_2418.jpg,SLEEPY ORANGE
Image_2419.jpg,SCARCE SWALLOW
Image_2420.jpg,SLEEPY ORANGE
Image_2421.jpg,SLEEPY ORANGE
Image_2422.jpg,MOURNING CLOAK
Image_2423.jpg,SLEEPY ORANGE
Image_2424.jpg,PAPER KITE
Image_2425.jpg,MOURNING CLOAK
Image_2426.jpg,MOURNING CLOAK
Image_2427.jpg,SLEEPY ORANGE
Image_2428.jpg,SLEEPY ORANGE
Image_2429.jpg,MOURNING CLOAK
Image_2430.jpg,SLEEPY ORANGE
Image_2431.jpg,SCARCE SWALLOW
Image_2432.jpg,AN 88
Image_2433.jpg,SLEEPY ORANGE
Image_2434.jpg,SLEEPY ORANGE
Image_2435.jpg,SLEEPY ORANGE
Image_2436.jpg,ATALA
Image_2437.jpg,SLEEPY ORANGE
Image_2438.jpg,SLEEPY ORANGE
Image_2439.jpg,MOURNING CLOAK
Image_2440.jpg,ATALA
Image_2441.jpg,SLEEPY ORANGE
Image_2442.jpg,SLEEPY ORANGE
Image_2443.jpg,EASTERN PINE ELFIN
Image_2444.jpg,SLEEPY ORANGE
Image_2445.jpg,MOURNING CLOAK
Image_2446.jpg,SCARCE SWALLOW
Image_2447.jpg,SLEEPY ORANGE
Image_2448.jpg,PAPER KITE
Image_2449.jpg,SLEEPY ORANGE
Image_2450.jpg,SLEEPY ORANGE
Image_2451.jpg,ATALA
Image_2452.jpg,MOURNING CLOAK
Image_2453.jpg,SLEEPY ORANGE
Image_2454.jpg,SLEEPY ORANGE
Image_2455.jpg,SLEEPY ORANGE
Image_2456.jpg,SLEEPY ORANGE
Image_2457.jpg,MOURNING CLOAK
Image_2458.jpg,MOURNING CLOAK
Image_2459.jpg,SLEEPY ORANGE
Image_2460.jpg,MOURNING CLOAK
Image_2461.jpg,MOURNING CLOAK
Image_2462.jpg,SLEEPY ORANGE
Image_2463.jpg,SLEEPY ORANGE
Image_2464.jpg,ATALA
Image_2465.jpg,SLEEPY ORANGE
Image_2466.jpg,SLEEPY ORANGE
Image_2467.jpg,SLEEPY ORANGE
Image_2468.jpg,SLEEPY ORANGE
Image_2469.jpg,SLEEPY ORANGE
Image_2470.jpg,ATALA
Image_2471.jpg,PAPER KITE
Image_2472.jpg,EASTERN PINE ELFIN
Image_2473.jpg,SLEEPY ORANGE
Image_2474.jpg,SLEEPY ORANGE
Image_2475.jpg,SLEEPY ORANGE
Image_2476.jpg,SLEEPY ORANGE
Image_2477.jpg,PAPER KITE
Image_2478.jpg,MOURNING CLOAK
Image_2479.jpg,SCARCE SWALLOW
Image_2480.jpg,SLEEPY ORANGE
Image_2481.jpg,SLEEPY ORANGE
Image_2482.jpg,MOURNING CLOAK
Image_2483.jpg,SLEEPY ORANGE
Image_2484.jpg,AN 88
Image_2485.jpg,MOURNING CLOAK
Image_2486.jpg,SLEEPY ORANGE
Image_2487.jpg,SCARCE SWALLOW
Image_2488.jpg,SLEEPY ORANGE
Image_2489.jpg,ATALA
Image_2490.jpg,EASTERN PINE ELFIN
Image_2491.jpg,SLEEPY ORANGE
Image_2492.jpg,SLEEPY ORANGE
Image_2493.jpg,SLEEPY ORANGE
Image_2494.jpg,SLEEPY ORANGE
Image_2495.jpg,SLEEPY ORANGE
Image_2496.jpg,SLEEPY ORANGE
Image_2497.jpg,SLEEPY ORANGE
Image_2498.jpg,SLEEPY ORANGE
Image_2499.jpg,SLEEPY ORANGE
Image_2500.jpg,MOURNING CLOAK
Image_2501.jpg,MOURNING CLOAK
Image_2502.jpg,SLEEPY ORANGE
Image_2503.jpg,SLEEPY ORANGE
Image_2504.jpg,PAPER KITE
Image_2505.jpg,SLEEPY ORANGE
Image_2506.jpg,SLEEPY ORANGE
Image_2507.jpg,SLEEPY ORANGE
Image_2508.jpg,SLEEPY ORANGE
Image_2509.jpg,SLEEPY ORANGE
Image_2510.jpg,SLEEPY ORANGE
Image_2511.jpg,EASTERN PINE ELFIN
Image_2512.jpg,MOURNING CLOAK
Image_2513.jpg,SLEEPY ORANGE
Image_2514.jpg,SLEEPY ORANGE
Image_2515.jpg,SLEEPY ORANGE
Image_2516.jpg,SLEEPY ORANGE
Image_2517.jpg,SLEEPY ORANGE
Image_2518.jpg,SLEEPY ORANGE
Image_2519.jpg,MOURNING CLOAK
Image_2520.jpg,MOURNING CLOAK
Image_2521.jpg,SLEEPY ORANGE
Image_2522.jpg,SLEEPY ORANGE
Image_2523.jpg,MOURNING CLOAK
Image_2524.jpg,MOURNING CLOAK
Image_2525.jpg,MOURNING CLOAK
Image_2526.jpg,SLEEPY ORANGE
Image_2527.jpg,MOURNING CLOAK
Image_2528.jpg,SLEEPY ORANGE
Image_2529.jpg,SLEEPY ORANGE
Image_2530.jpg,MOURNING CLOAK
Image_2531.jpg,SLEEPY ORANGE
Image_2532.jpg,SLEEPY ORANGE
Image_2533.jpg,SLEEPY ORANGE
Image_2534.jpg,ATALA
Image_2535.jpg,SLEEPY ORANGE
Image_2536.jpg,AN 88
Image_2537.jpg,PAPER KITE
Image_2538.jpg,MOURNING CLOAK
Image_2539.jpg,AN 88
Image_2540.jpg,SLEEPY ORANGE
Image_2541.jpg,PAPER KITE
Image_2542.jpg,SLEEPY ORANGE
Image_2543.jpg,SLEEPY ORANGE
Image_2544.jpg,MOURNING CLOAK
Image_2545.jpg,SLEEPY ORANGE
Image_2546.jpg,SLEEPY ORANGE
Image_2547.jpg,SLEEPY ORANGE
Image_2548.jpg,MOURNING CLOAK
Image_2549.jpg,SLEEPY ORANGE
Image_2550.jpg,SCARCE SWALLOW
Image_2551.jpg,SLEEPY ORANGE
Image_2552.jpg,PAPER KITE
Image_2553.jpg,SLEEPY ORANGE
Image_2554.jpg,SLEEPY ORANGE
Image_2555.jpg,MOURNING CLOAK
Image_2556.jpg,MOURNING CLOAK
Image_2557.jpg,MOURNING CLOAK
Image_2558.jpg,SLEEPY ORANGE
Image_2559.jpg,SLEEPY ORANGE
Image_2560.jpg,SLEEPY ORANGE
Image_2561.jpg,SCARCE SWALLOW
Image_2562.jpg,SLEEPY ORANGE
Image_2563.jpg,SLEEPY ORANGE
Image_2564.jpg,SLEEPY ORANGE
Image_2565.jpg,MOURNING CLOAK
Image_2566.jpg,MOURNING CLOAK
Image_2567.jpg,SLEEPY ORANGE
Image_2568.jpg,PAPER KITE
Image_2569.jpg,MOURNING CLOAK
Image_2570.jpg,AN 88
Image_2571.jpg,SLEEPY ORANGE
Image_2572.jpg,SCARCE SWALLOW
Image_2573.jpg,SLEEPY ORANGE
Image_2574.jpg,MOURNING CLOAK
Image_2575.jpg,SLEEPY ORANGE
Image_2576.jpg,SLEEPY ORANGE
Image_2577.jpg,MOURNING CLOAK
Image_2578.jpg,SLEEPY ORANGE
Image_2579.jpg,SLEEPY ORANGE
Image_2580.jpg,SLEEPY ORANGE
Image_2581.jpg,SLEEPY ORANGE
Image_2582.jpg,SLEEPY ORANGE
Image_2583.jpg,SLEEPY ORANGE
Image_2584.jpg,SLEEPY ORANGE
Image_2585.jpg,SLEEPY ORANGE
Image_2586.jpg,SLEEPY ORANGE
Image_2587.jpg,SCARCE SWALLOW
Image_2588.jpg,SCARCE SWALLOW
Image_2589.jpg,SLEEPY ORANGE
Image_2590.jpg,SLEEPY ORANGE
Image_2591.jpg,SLEEPY ORANGE
Image_2592.jpg,MOURNING CLOAK
Image_2593.jpg,SLEEPY ORANGE
Image_2594.jpg,SLEEPY ORANGE
Image_2595.jpg,SLEEPY ORANGE
Image_2596.jpg,SLEEPY ORANGE
Image_2597.jpg,SLEEPY ORANGE
Image_2598.jpg,EASTERN PINE ELFIN
Image_2599.jpg,ATALA
Image_2600.jpg,SLEEPY ORANGE
Image_2601.jpg,SLEEPY ORANGE
Image_2602.jpg,SLEEPY ORANGE
Image_2603.jpg,MOURNING CLOAK
Image_2604.jpg,PAPER KITE
Image_2605.jpg,SLEEPY ORANGE
Image_2606.jpg,SLEEPY ORANGE
Image_2607.jpg,SLEEPY ORANGE
Image_2608.jpg,EASTERN PINE ELFIN
Image_2609.jpg,SLEEPY ORANGE
Image_2610.jpg,SLEEPY ORANGE
Image_2611.jpg,SLEEPY ORANGE
Image_2612.jpg,MOURNING CLOAK
Image_2613.jpg,SLEEPY ORANGE
Image_2614.jpg,AN 88
Image_2615.jpg,SLEEPY ORANGE
Image_2616.jpg,SLEEPY ORANGE
Image_2617.jpg,MOURNING CLOAK
Image_2618.jpg,MOURNING CLOAK
Image_2619.jpg,MOURNING CLOAK
Image_2620.jpg,ATALA
Image_2621.jpg,SLEEPY ORANGE
Image_2622.jpg,SLEEPY ORANGE
Image_2623.jpg,SLEEPY ORANGE
Image_2624.jpg,SLEEPY ORANGE
Image_2625.jpg,MOURNING CLOAK
Image_2626.jpg,SLEEPY ORANGE
Image_2627.jpg,MOURNING CLOAK
Image_2628.jpg,SLEEPY ORANGE
Image_2629.jpg,SLEEPY ORANGE
Image_2630.jpg,SLEEPY ORANGE
Image_2631.jpg,SLEEPY ORANGE
Image_2632.jpg,SLEEPY ORANGE
Image_2633.jpg,ATALA
Image_2634.jpg,SLEEPY ORANGE
Image_2635.jpg,MOURNING CLOAK
Image_2636.jpg,SLEEPY ORANGE
Image_2637.jpg,SLEEPY ORANGE
Image_2638.jpg,SLEEPY ORANGE
Image_2639.jpg,SLEEPY ORANGE
Image_2640.jpg,SLEEPY ORANGE
Image_2641.jpg,MOURNING CLOAK
Image_2642.jpg,PAPER KITE
Image_2643.jpg,SLEEPY ORANGE
Image_2644.jpg,SLEEPY ORANGE
Image_2645.jpg,SCARCE SWALLOW
Image_2646.jpg,SLEEPY ORANGE
Image_2647.jpg,SCARCE SWALLOW
Image_2648.jpg,SLEEPY ORANGE
Image_2649.jpg,EASTERN PINE ELFIN
Image_2650.jpg,SLEEPY ORANGE
Image_2651.jpg,SLEEPY ORANGE
Image_2652.jpg,SLEEPY ORANGE
Image_2653.jpg,SLEEPY ORANGE
Image_2654.jpg,ATALA
Image_2655.jpg,SLEEPY ORANGE
Image_2656.jpg,SLEEPY ORANGE
Image_2657.jpg,SLEEPY ORANGE
Image_2658.jpg,SLEEPY ORANGE
Image_2659.jpg,SLEEPY ORANGE
Image_2660.jpg,ATALA
Image_2661.jpg,SLEEPY ORANGE
Image_2662.jpg,SLEEPY ORANGE
Image_2663.jpg,EASTERN PINE ELFIN
Image_2664.jpg,SCARCE SWALLOW
Image_2665.jpg,SLEEPY ORANGE
Image_2666.jpg,SLEEPY ORANGE
Image_2667.jpg,SLEEPY ORANGE
Image_2668.jpg,SLEEPY ORANGE
Image_2669.jpg,SLEEPY ORANGE
Image_2670.jpg,MOURNING CLOAK
Image_2671.jpg,MOURNING CLOAK
Image_2672.jpg,SLEEPY ORANGE
Image_2673.jpg,PAPER KITE
Image_2674.jpg,SLEEPY ORANGE
Image_2675.jpg,SLEEPY ORANGE
Image_2676.jpg,SLEEPY ORANGE
Image_2677.jpg,SLEEPY ORANGE
Image_2678.jpg,SLEEPY ORANGE
Image_2679.jpg,PAPER KITE
Image_2680.jpg,SLEEPY ORANGE
Image_2681.jpg,SLEEPY ORANGE
Image_2682.jpg,SLEEPY ORANGE
Image_2683.jpg,SLEEPY ORANGE
Image_2684.jpg,SLEEPY ORANGE
Image_2685.jpg,SLEEPY ORANGE
Image_2686.jpg,SLEEPY ORANGE
Image_2687.jpg,SLEEPY ORANGE
Image_2688.jpg,SLEEPY ORANGE
Image_2689.jpg,SLEEPY ORANGE
Image_2690.jpg,SLEEPY ORANGE
Image_2691.jpg,SCARCE SWALLOW
Image_2692.jpg,SLEEPY ORANGE
Image_2693.jpg,SLEEPY ORANGE
Image_2694.jpg,MOURNING CLOAK
Image_2695.jpg,MOURNING CLOAK
Image_2696.jpg,SLEEPY ORANGE
Image_2697.jpg,SLEEPY ORANGE
Image_2698.jpg,ATALA
Image_2699.jpg,SLEEPY ORANGE
Image_2700.jpg,EASTERN PINE ELFIN
Image_2701.jpg,MOURNING CLOAK
Image_2702.jpg,SLEEPY ORANGE
Image_2703.jpg,MOURNING CLOAK
Image_2704.jpg,SLEEPY ORANGE
Image_2705.jpg,SLEEPY ORANGE
Image_2706.jpg,EASTERN PINE ELFIN
Image_2707.jpg,SLEEPY ORANGE
Image_2708.jpg,SLEEPY ORANGE
Image_2709.jpg,SLEEPY ORANGE
Image_2710.jpg,SLEEPY ORANGE
Image_2711.jpg,SLEEPY ORANGE
Image_2712.jpg,SLEEPY ORANGE
Image_2713.jpg,SLEEPY ORANGE
Image_2714.jpg,MOURNING CLOAK
Image_2715.jpg,SLEEPY ORANGE
Image_2716.jpg,SLEEPY ORANGE
Image_2717.jpg,EASTERN PINE ELFIN
Image_2718.jpg,MOURNING CLOAK
Image_2719.jpg,SLEEPY ORANGE
Image_2720.jpg,SLEEPY ORANGE
Image_2721.jpg,SLEEPY ORANGE
Image_2722.jpg,SLEEPY ORANGE
Image_2723.jpg,SLEEPY ORANGE
Image_2724.jpg,SLEEPY ORANGE
Image_2725.jpg,SLEEPY ORANGE
Image_2726.jpg,SLEEPY ORANGE
Image_2727.jpg,EASTERN PINE ELFIN
Image_2728.jpg,MOURNING CLOAK
Image_2729.jpg,SLEEPY ORANGE
Image_2730.jpg,SLEEPY ORANGE
Image_2731.jpg,SCARCE SWALLOW
Image_2732.jpg,SLEEPY ORANGE
Image_2733.jpg,SLEEPY ORANGE
Image_2734.jpg,SLEEPY ORANGE
Image_2735.jpg,SLEEPY ORANGE
Image_2736.jpg,MOURNING CLOAK
Image_2737.jpg,MOURNING CLOAK
Image_2738.jpg,ATALA
Image_2739.jpg,SLEEPY ORANGE
Image_2740.jpg,SCARCE SWALLOW
Image_2741.jpg,SCARCE SWALLOW
Image_2742.jpg,MOURNING CLOAK
Image_2743.jpg,SLEEPY ORANGE
Image_2744.jpg,SCARCE SWALLOW
Image_2745.jpg,SLEEPY ORANGE
Image_2746.jpg,SCARCE SWALLOW
Image_2747.jpg,SLEEPY ORANGE
Image_2748.jpg,SLEEPY ORANGE
Image_2749.jpg,EASTERN PINE ELFIN
Image_2750.jpg,EASTERN PINE ELFIN
Image_2751.jpg,MOURNING CLOAK
Image_2752.jpg,SCARCE SWALLOW
Image_2753.jpg,SLEEPY ORANGE
Image_2754.jpg,MOURNING CLOAK
Image_2755.jpg,SLEEPY ORANGE
Image_2756.jpg,SLEEPY ORANGE
Image_2757.jpg,SLEEPY ORANGE
Image_2758.jpg,SLEEPY ORANGE
Image_2759.jpg,SLEEPY ORANGE
Image_2760.jpg,SLEEPY ORANGE
Image_2761.jpg,SCARCE SWALLOW
Image_2762.jpg,EASTERN PINE ELFIN
Image_2763.jpg,MOURNING CLOAK
Image_2764.jpg,SLEEPY ORANGE
Image_2765.jpg,ATALA
Image_2766.jpg,EASTERN PINE ELFIN
Image_2767.jpg,SLEEPY ORANGE
Image_2768.jpg,PAPER KITE
Image_2769.jpg,EASTERN PINE ELFIN
Image_2770.jpg,SLEEPY ORANGE
Image_2771.jpg,GREAT JAY
Image_2772.jpg,PAPER KITE
Image_2773.jpg,SLEEPY ORANGE
Image_2774.jpg,SLEEPY ORANGE
Image_2775.jpg,SLEEPY ORANGE
Image_2776.jpg,SCARCE SWALLOW
Image_2777.jpg,MOURNING CLOAK
Image_2778.jpg,MOURNING CLOAK
Image_2779.jpg,MOURNING CLOAK
Image_2780.jpg,SLEEPY ORANGE
Image_2781.jpg,SLEEPY ORANGE
Image_2782.jpg,SLEEPY ORANGE
Image_2783.jpg,SLEEPY ORANGE
Image_2784.jpg,SLEEPY ORANGE
Image_2785.jpg,SLEEPY ORANGE
Image_2786.jpg,ATALA
